quarter,year,tier,ats_name,total_trades,total_shares,mpid
1,2022,nms,UBS ATS,136406512.00,13284933436.00,UBSA
1,2022,nms,SIGMA X2,104027106.00,10178515187.00,SGMT
1,2022,nms,CROSSFINDER,50927155.00,7531785443.00,CROS
1,2022,nms,JPM-X,55749358.00,6423783608.00,JPMX
1,2022,nms,INTELLIGENT CROSS LLC,60212444.00,5523428040.00,INCR
1,2022,nms,LEVEL ATS,36468122.00,5194480422.00,EBXL
1,2022,nms,MS POOL (ATS-4),23383374.00,5029274782.00,MSPL
1,2022,nms,THE BARCLAYS ATS,25392463.00,3443666550.00,LATS
1,2022,nms,BIDS ATS,3232891.00,3362038053.00,BIDS
1,2022,nms,IBKR ATS,15262296.00,3134192508.00,IATS
1,2022,nms,VIRTU MATCHIT ATS,18775998.00,2863359187.00,KCGM
1,2022,nms,MS TRAJECTORY CROSS (ATS-1),10266619.00,2188509508.00,MSTX
1,2022,nms,INSTINCT X,8287638.00,1916808025.00,MLIX
1,2022,nms,POSIT,4499402.00,1435430232.00,ITGP
1,2022,nms,CROSSSTREAM,3295858.00,1359096449.00,XSTM
1,2022,nms,MS RPOOL (ATS-6),9208241.00,1213279997.00,MSRP
1,2022,nms,JPB-X,20735217.00,1175783290.00,JPBX
1,2022,nms,INSTINET BLOCKCROSS,89988.00,1057162530.00,BLKX
1,2022,nms,DEALERWEB,5101.00,1041492231.00,DLTA
1,2022,nms,LIQUIDNET H2O ATS,82638.00,861865790.00,LQNA
1,2022,nms,BNPP CORTEX ATS,7503721.00,858161252.00,BNPX
1,2022,nms,CBX,3910393.00,676572622.00,ICBX
1,2022,nms,CODA,2612071.00,498241755.00,CODA
1,2022,nms,LIQUIDNET NEGOTIATION ATS,12643.00,386048880.00,LQNT
1,2022,nms,LUMINEX ATS,8899.00,315839790.00,LMNX
1,2022,nms,CITIBLOC,4915.00,75574361.00,CBLC
1,2022,nms,PURESTREAM,3626321.00,56758405.00,PURE
1,2022,nms,BOATS,210374.00,14012281.00,BLUE
1,2022,nms,AQUA,1319.00,13350019.00,AQUA
1,2022,nms,XE,1241.00,9244489.00,PJCX
1,2022,nms,STIFEL X,3106.00,326287.00,STFX
1,2022,nms,CITI-ONE ATS,2.00,200.00,ONEC
1,2022,otc,OTC LINK ECN ATS,1423459.00,15431331933.00,OTCX
1,2022,otc,OTC LINK NQB IDQS,365469.00,7570093524.00,OTCN
1,2022,otc,GLOBAL OTC,2164837.00,770219689.00,ARCA
1,2022,otc,"TZERO ATS, LLC",10535.00,1430785.00,PROS
1,2022,otc,SECURITIZE MARKETS ATS,269.00,141015.00,SMKT
1,2022,otc,"VARIABLE INVESTMENT ADVISORS, INC.",6.00,132500.00,VIAT
1,2022,otc,NORTH CAPITAL PRIVATE SECURITIES CORPORATION,5482.00,73687.00,PPEX
1,2022,otc,"INX SECURITIES, LLC",18.00,3739.00,SWCL
1,2022,otc,STARTENGINE SECONDARY,30.00,1848.00,STEN
1,2022,otc,"FNC AG STOCK, LLC",20.00,528.00,FNCA
1,2022,otc,LEX,109.00,343.00,LEXA
2,2022,nms,UBS ATS,126527525.00,12573485286.00,UBSA
2,2022,nms,SIGMA X2,98805012.00,9893257519.00,SGMT
2,2022,nms,CROSSFINDER,47840481.00,7149775332.00,CROS
2,2022,nms,INTELLIGENT CROSS LLC,67689050.00,6275215589.00,INCR
2,2022,nms,JPM-X,55295974.00,6190377573.00,JPMX
2,2022,nms,LEVEL ATS,38804247.00,5105302949.00,EBXL
2,2022,nms,MS POOL (ATS-4),24855119.00,4939597190.00,MSPL
2,2022,nms,THE BARCLAYS ATS,23440848.00,3326874988.00,LATS
2,2022,nms,VIRTU MATCHIT ATS,20998781.00,3003797772.00,KCGM
2,2022,nms,BIDS ATS,3347297.00,2873016100.00,BIDS
2,2022,nms,IBKR ATS,13169802.00,2773711826.00,IATS
2,2022,nms,MS TRAJECTORY CROSS (ATS-1),10795917.00,2349243747.00,MSTX
2,2022,nms,POSIT,4821192.00,1457668218.00,ITGP
2,2022,nms,INSTINCT X,8763329.00,1429019370.00,MLIX
2,2022,nms,CROSSSTREAM,3451729.00,1355514818.00,XSTM
2,2022,nms,MS RPOOL (ATS-6),10935761.00,1348731526.00,MSRP
2,2022,nms,JPB-X,22130071.00,1343687520.00,JPBX
2,2022,nms,INSTINET BLOCKCROSS,78213.00,869698291.00,BLKX
2,2022,nms,DEALERWEB,4285.00,823006274.00,DLTA
2,2022,nms,LIQUIDNET H2O ATS,91257.00,799622351.00,LQNA
2,2022,nms,BNPP CORTEX ATS,6415497.00,738277682.00,BNPX
2,2022,nms,CBX,3593483.00,629787329.00,ICBX
2,2022,nms,CODA,2792121.00,508624452.00,CODA
2,2022,nms,LIQUIDNET NEGOTIATION ATS,11721.00,337600100.00,LQNT
2,2022,nms,LUMINEX ATS,7255.00,218167977.00,LMNX
2,2022,nms,PURESTREAM,4562409.00,80117243.00,PURE
2,2022,nms,BOATS,252679.00,13522519.00,BLUE
2,2022,nms,AQUA,1358.00,12908014.00,AQUA
2,2022,nms,CITI-ONE ATS,41539.00,8917150.00,ONEC
2,2022,nms,XE,388.00,1899896.00,PJCX
2,2022,nms,STIFEL X,2386.00,277717.00,STFX
2,2022,nms,ONECHRONOS,2.00,200.00,CGXS
3,2022,nms,UBS ATS,114932124.00,10950741581.00,UBSA
3,2022,nms,SIGMA X2,87713275.00,8625152260.00,SGMT
3,2022,nms,INTELLIGENT CROSS LLC,66311166.00,6215475337.00,INCR
3,2022,nms,JPM-X,46998477.00,5567293919.00,JPMX
3,2022,nms,CROSSFINDER,38405628.00,5521099861.00,CROS
3,2022,nms,LEVEL ATS,38810718.00,4723014175.00,EBXL
3,2022,nms,MS POOL (ATS-4),23787439.00,4619413756.00,MSPL
3,2022,nms,THE BARCLAYS ATS,18748690.00,2825216156.00,LATS
3,2022,nms,VIRTU MATCHIT ATS,16313691.00,2588186761.00,KCGM
3,2022,nms,BIDS ATS,3028328.00,2562621615.00,BIDS
3,2022,nms,IBKR ATS,10821134.00,2519692103.00,IATS
3,2022,nms,INSTINCT X,14533848.00,2331118428.00,MLIX
3,2022,nms,MS TRAJECTORY CROSS (ATS-1),10308627.00,2240136918.00,MSTX
3,2022,nms,JPB-X,26153721.00,1528229964.00,JPBX
3,2022,nms,CROSSSTREAM,3479102.00,1380865657.00,XSTM
3,2022,nms,POSIT,4156857.00,1265651523.00,ITGP
3,2022,nms,MS RPOOL (ATS-6),9455823.00,1157120530.00,MSRP
3,2022,nms,DEALERWEB,3870.00,754989196.00,DLTA
3,2022,nms,INSTINET BLOCKCROSS,66366.00,721529747.00,BLKX
3,2022,nms,LIQUIDNET H2O ATS,68703.00,678308360.00,LQNA
3,2022,nms,BNPP CORTEX ATS,4645067.00,561230302.00,BNPX
3,2022,nms,CBX,3139147.00,552898051.00,ICBX
3,2022,nms,CODA,2661365.00,480182958.00,CODA
3,2022,nms,LIQUIDNET NEGOTIATION ATS,10136.00,270915600.00,LQNT
3,2022,nms,CITI-ONE ATS,874364.00,213618105.00,ONEC
3,2022,nms,LUMINEX ATS,6281.00,186425030.00,LMNX
3,2022,nms,PURESTREAM,11301567.00,153376070.00,PURE
3,2022,nms,BOATS,255970.00,13373507.00,BLUE
3,2022,nms,AQUA,818.00,8406487.00,AQUA
3,2022,nms,XE,230.00,6006103.00,PJCX
3,2022,nms,ONECHRONOS,13193.00,1936323.00,CGXS
3,2022,nms,STIFEL X,2564.00,283324.00,STFX
2,2022,otc,OTC LINK ECN ATS,1176004.00,16809804109.00,OTCX
2,2022,otc,GLOBAL OTC,1852050.00,708242049.00,ARCA
2,2022,otc,OTC LINK NQB IDQS,461842.00,167182036.00,OTCN
2,2022,otc,"TZERO ATS, LLC",9112.00,1045292.00,PROS
2,2022,otc,"VARIABLE INVESTMENT ADVISORS, INC.",34.00,351000.00,VIAT
2,2022,otc,"FNC AG STOCK, LLC",66.00,239571.00,FNCA
2,2022,otc,"REALTO SECURITIES, LLC",34.00,120834.00,ALTS
2,2022,otc,NORTH CAPITAL PRIVATE SECURITIES CORPORATION,10054.00,90911.00,PPEX
2,2022,otc,SECURITIZE MARKETS ATS,321.00,63334.00,SMKT
2,2022,otc,LEX,269.00,699.00,LEXA
2,2022,otc,"INX SECURITIES, LLC",4.00,178.00,SWCL
4,2022,nms,UBS ATS,128865810.00,11379001347.00,UBSA
4,2022,nms,SIGMA X2,94328933.00,8830281502.00,SGMT
4,2022,nms,INTELLIGENT CROSS LLC,81037514.00,7267603657.00,INCR
4,2022,nms,JPM-X,47278271.00,5570319229.00,JPMX
4,2022,nms,CROSSFINDER,38153259.00,5198009765.00,CROS
4,2022,nms,LEVEL ATS,36934733.00,4556574078.00,EBXL
4,2022,nms,MS POOL (ATS-4),22400912.00,4226855020.00,MSPL
4,2022,nms,INSTINCT X,24494147.00,3541587457.00,MLIX
4,2022,nms,THE BARCLAYS ATS,19838766.00,2926939771.00,LATS
4,2022,nms,VIRTU MATCHIT ATS,17812707.00,2554122778.00,KCGM
4,2022,nms,BIDS ATS,3112622.00,2545314945.00,BIDS
4,2022,nms,MS TRAJECTORY CROSS (ATS-1),11031698.00,2473397282.00,MSTX
4,2022,nms,IBKR ATS,9587211.00,2418958799.00,IATS
4,2022,nms,JPB-X,12847521.00,1606115794.00,JPBX
4,2022,nms,CROSSSTREAM,3673549.00,1568390146.00,XSTM
4,2022,nms,POSIT,3749010.00,1171629252.00,ITGP
4,2022,nms,MS RPOOL (ATS-6),8163941.00,1084965993.00,MSRP
4,2022,nms,DEALERWEB,4306.00,875855422.00,DLTA
4,2022,nms,INSTINET BLOCKCROSS,72352.00,764367936.00,BLKX
4,2022,nms,LIQUIDNET H2O ATS,64897.00,664537600.00,LQNA
4,2022,nms,BNPP CORTEX ATS,6143852.00,658752444.00,BNPX
4,2022,nms,PURESTREAM,19313645.00,539423160.00,PURE
4,2022,nms,CBX,2492445.00,477590245.00,ICBX
4,2022,nms,CODA,2555442.00,437315353.00,CODA
4,2022,nms,LIQUIDNET NEGOTIATION ATS,9393.00,255511620.00,LQNT
4,2022,nms,LUMINEX ATS,7727.00,218451531.00,LMNX
4,2022,nms,CITI-ONE ATS,1275455.00,214096767.00,ONEC
4,2022,nms,BOATS,366244.00,25775202.00,BLUE
4,2022,nms,ONECHRONOS,162760.00,24488509.00,CGXS
4,2022,nms,XE,314.00,2691694.00,PJCX
4,2022,nms,STIFEL X,1764.00,244081.00,STFX
4,2022,nms,IBKR EOS ATS,293.00,35503.00,IEOS
1,2023,nms,UBS ATS,148895948.00,12271072786.00,UBSA
1,2023,nms,SIGMA X2,109662665.00,9435905726.00,SGMT
1,2023,nms,INTELLIGENT CROSS LLC,95861775.00,8688431720.00,INCR
1,2023,nms,JPM-X,49347977.00,5739353878.00,JPMX
1,2023,nms,LEVEL ATS,41462657.00,5037906649.00,EBXL
1,2023,nms,CROSSFINDER,32528582.00,4434386870.00,CROS
1,2023,nms,MS POOL (ATS-4),23067297.00,4383089541.00,MSPL
1,2023,nms,INSTINCT X,25520843.00,3949120361.00,MLIX
1,2023,nms,THE BARCLAYS ATS,25389840.00,2934463482.00,LATS
1,2023,nms,BIDS ATS,3147004.00,2769688838.00,BIDS
1,2023,nms,MS TRAJECTORY CROSS (ATS-1),11152058.00,2562498754.00,MSTX
1,2023,nms,IBKR ATS,10160283.00,2498880758.00,IATS
1,2023,nms,VIRTU MATCHIT ATS,15809369.00,2431465279.00,KCGM
1,2023,nms,CROSSSTREAM,3844305.00,1561252058.00,XSTM
1,2023,nms,JPB-X,9584959.00,1272537032.00,JPBX
1,2023,nms,POSIT,4061459.00,1247147185.00,ITGP
1,2023,nms,MS RPOOL (ATS-6),7833144.00,998976209.00,MSRP
1,2023,nms,PURESTREAM,23494042.00,900671305.00,PURE
1,2023,nms,DEALERWEB,4119.00,839690348.00,DLTA
1,2023,nms,INSTINET BLOCKCROSS,74136.00,818881916.00,BLKX
1,2023,nms,LIQUIDNET H2O ATS,64465.00,697870600.00,LQNA
1,2023,nms,BNPP CORTEX ATS,11860977.00,676428372.00,BNPX
1,2023,nms,CBX,2832808.00,569397271.00,ICBX
1,2023,nms,CODA,2396495.00,385072451.00,CODA
1,2023,nms,LIQUIDNET NEGOTIATION ATS,10803.00,280630300.00,LQNT
1,2023,nms,LUMINEX ATS,9728.00,259856467.00,LMNX
1,2023,nms,CITI-ONE ATS,2026494.00,241525156.00,ONEC
1,2023,nms,BOATS,2102402.00,158619371.00,BLUE
1,2023,nms,ONECHRONOS,643194.00,94742118.00,CGXS
1,2023,nms,XE,38.00,421295.00,PJCX
1,2023,nms,STIFEL X,1273.00,198131.00,STFX
1,2023,nms,IBKR EOS ATS,631.00,166376.00,IEOS
3,2022,otc,OTC LINK ECN ATS,1005134.00,18034586428.00,OTCX
3,2022,otc,OTC LINK NQB IDQS,531768.00,4404732637.00,OTCN
3,2022,otc,GLOBAL OTC,1646371.00,652044134.00,ARCA
3,2022,otc,"FNC AG STOCK, LLC",132.00,972133.00,FNCA
3,2022,otc,"TZERO ATS, LLC",7768.00,733685.00,PROS
3,2022,otc,"VARIABLE INVESTMENT ADVISORS, INC.",36.00,351507.00,VIAT
3,2022,otc,NORTH CAPITAL PRIVATE SECURITIES CORPORATION,37615.00,213568.00,PPEX
3,2022,otc,SECURITIZE MARKETS ATS,279.00,109874.00,SMKT
3,2022,otc,"REALTO SECURITIES, LLC",23.00,84073.00,ALTS
3,2022,otc,"INX SECURITIES, LLC",4.00,904.00,SWCL
3,2022,otc,LEX,237.00,559.00,LEXA
1,2023,nms,OTC LINK ECN ATS,1.00,1000.00,OTCX
2,2023,nms,UBS ATS,164237870.00,11641755080.00,UBSA
2,2023,nms,SIGMA X2,119981745.00,9132309866.00,SGMT
2,2023,nms,INTELLIGENT CROSS LLC,111134309.00,8564688369.00,INCR
2,2023,nms,JPM-X,55748333.00,5571118241.00,JPMX
2,2023,nms,LEVEL ATS,45796182.00,5004351652.00,EBXL
2,2023,nms,INSTINCT X,29897362.00,4255774240.00,MLIX
2,2023,nms,MS POOL (ATS-4),22178610.00,4174133310.00,MSPL
2,2023,nms,THE BARCLAYS ATS,33963140.00,3137657825.00,LATS
2,2023,nms,MS TRAJECTORY CROSS (ATS-1),11687889.00,2612942320.00,MSTX
2,2023,nms,BIDS ATS,2979594.00,2440008400.00,BIDS
2,2023,nms,VIRTU MATCHIT ATS,15627429.00,2127938305.00,KCGM
2,2023,nms,IBKR ATS,8688830.00,1995040574.00,IATS
2,2023,nms,CROSSFINDER,11903878.00,1393833972.00,CROS
2,2023,nms,CROSSSTREAM,3638367.00,1251474555.00,XSTM
2,2023,nms,PURESTREAM,30834243.00,1166278773.00,PURE
2,2023,nms,JPB-X,8454035.00,1148468625.00,JPBX
2,2023,nms,POSIT,3703906.00,1122875659.00,ITGP
2,2023,nms,MS RPOOL (ATS-6),7417479.00,925903564.00,MSRP
2,2023,nms,DEALERWEB,4160.00,852127238.00,DLTA
2,2023,nms,INSTINET BLOCKCROSS,67960.00,723177820.00,BLKX
2,2023,nms,LIQUIDNET H2O ATS,73649.00,669823680.00,LQNA
2,2023,nms,BNPP CORTEX ATS,6268260.00,632606531.00,BNPX
2,2023,nms,CBX,3439788.00,552856210.00,ICBX
2,2023,nms,BOATS,4238927.00,421386261.00,BLUE
2,2023,nms,CITI-ONE ATS,3508067.00,387325772.00,ONEC
2,2023,nms,CODA,2075227.00,312853890.00,CODA
2,2023,nms,ONECHRONOS,3255565.00,305628723.00,CGXS
2,2023,nms,LIQUIDNET NEGOTIATION ATS,10697.00,273865300.00,LQNT
2,2023,nms,LUMINEX ATS,8995.00,228444170.00,LMNX
2,2023,nms,XE,708.00,11767390.00,PJCX
2,2023,nms,IBKR EOS ATS,5104.00,748611.00,IEOS
2,2023,nms,STIFEL X,689.00,90447.00,STFX
3,2023,nms,UBS ATS,200522276.00,12277884545.00,UBSA
3,2023,nms,INTELLIGENT CROSS LLC,126665060.00,9210106975.00,INCR
3,2023,nms,SIGMA X2,132763701.00,8626449406.00,SGMT
3,2023,nms,JPM-X,47121015.00,5337798154.00,JPMX
3,2023,nms,LEVEL ATS,49454532.00,4592193098.00,EBXL
3,2023,nms,MS POOL (ATS-4),23953347.00,4440649383.00,MSPL
3,2023,nms,INSTINCT X,30647824.00,4315824383.00,MLIX
3,2023,nms,THE BARCLAYS ATS,28980107.00,3074602466.00,LATS
3,2023,nms,MS TRAJECTORY CROSS (ATS-1),11894704.00,2672636547.00,MSTX
3,2023,nms,BIDS ATS,2746194.00,2324836903.00,BIDS
3,2023,nms,VIRTU MATCHIT ATS,14900778.00,2140914116.00,KCGM
3,2023,nms,IBKR ATS,8122075.00,1839069625.00,IATS
3,2023,nms,PURESTREAM,40065204.00,1476525371.00,PURE
3,2023,nms,CROSSSTREAM,3742011.00,1224759521.00,XSTM
3,2023,nms,POSIT,3379406.00,1066614368.00,ITGP
3,2023,nms,JPB-X,7808495.00,1060262622.00,JPBX
3,2023,nms,MS RPOOL (ATS-6),7702398.00,911818290.00,MSRP
3,2023,nms,DEALERWEB,3913.00,817087690.00,DLTA
3,2023,nms,CROSSFINDER,7871862.00,725129328.00,CROS
3,2023,nms,BNPP CORTEX ATS,7303641.00,689407879.00,BNPX
3,2023,nms,BOATS,5812384.00,662092238.00,BLUE
3,2023,nms,LIQUIDNET H2O ATS,65064.00,640356440.00,LQNA
3,2023,nms,INSTINET BLOCKCROSS,58255.00,613596541.00,BLKX
3,2023,nms,CBX,4273987.00,571209850.00,ICBX
3,2023,nms,ONECHRONOS,6301103.00,498081035.00,CGXS
3,2023,nms,CITI-ONE ATS,5023674.00,488520147.00,ONEC
3,2023,nms,CODA,2176470.00,319686236.00,CODA
3,2023,nms,LIQUIDNET NEGOTIATION ATS,9739.00,232468100.00,LQNT
3,2023,nms,LUMINEX ATS,7758.00,198140203.00,LMNX
3,2023,nms,XE,245.00,11596852.00,PJCX
3,2023,nms,IBKR EOS ATS,14301.00,1881699.00,IEOS
4,2022,otc,OTC LINK ECN ATS,989946.00,9225377973.00,OTCX
4,2022,otc,OTC LINK NQB IDQS,728035.00,9084344859.00,OTCN
4,2022,otc,GLOBAL OTC,1789534.00,684012393.00,ARCA
4,2022,otc,"TZERO ATS, LLC",5648.00,1489086.00,PROS
4,2022,otc,NORTH CAPITAL PRIVATE SECURITIES CORPORATION,59637.00,332135.00,PPEX
4,2022,otc,"VARIABLE INVESTMENT ADVISORS, INC.",43.00,276030.00,VIAT
4,2022,otc,"REALTO SECURITIES, LLC",38.00,170091.00,ALTS
4,2022,otc,SECURITIZE MARKETS ATS,390.00,109296.00,SMKT
4,2022,otc,"FNC AG STOCK, LLC",31.00,97495.00,FNCA
4,2022,otc,LEX,72.00,154.00,LEXA
3,2023,nms,STIFEL X,795.00,108734.00,STFX
4,2023,nms,UBS ATS,206105401.00,13837338090.00,UBSA
4,2023,nms,INTELLIGENT CROSS LLC,147989123.00,11809924427.00,INCR
4,2023,nms,SIGMA X2,134609167.00,9281609329.00,SGMT
4,2023,nms,LEVEL ATS,84119583.00,5851701517.00,EBXL
4,2023,nms,JPM-X,51155031.00,5704042568.00,JPMX
4,2023,nms,MS POOL (ATS-4),30392241.00,5551220384.00,MSPL
4,2023,nms,INSTINCT X,33787645.00,5020458414.00,MLIX
4,2023,nms,THE BARCLAYS ATS,35294708.00,3874971501.00,LATS
4,2023,nms,MS TRAJECTORY CROSS (ATS-1),13471872.00,3200649203.00,MSTX
4,2023,nms,BIDS ATS,2891470.00,2512798589.00,BIDS
4,2023,nms,VIRTU MATCHIT ATS,19815089.00,2478647708.00,KCGM
4,2023,nms,IBKR ATS,9278137.00,2035559531.00,IATS
4,2023,nms,PURESTREAM,43846400.00,1648673385.00,PURE
4,2023,nms,CROSSSTREAM,4240783.00,1403168504.00,XSTM
4,2023,nms,JPB-X,8325138.00,1203857460.00,JPBX
4,2023,nms,BOATS,6770998.00,1200617400.00,BLUE
4,2023,nms,POSIT,4234430.00,1193357540.00,ITGP
4,2023,nms,DEALERWEB,4825.00,978333537.00,DLTA
4,2023,nms,MS RPOOL (ATS-6),9226207.00,966583676.00,MSRP
4,2023,nms,LIQUIDNET H2O ATS,79852.00,809188470.00,LQNA
4,2023,nms,INSTINET BLOCKCROSS,66744.00,723867689.00,BLKX
4,2023,nms,BNPP CORTEX ATS,7344733.00,722063895.00,BNPX
4,2023,nms,CBX,7511419.00,712228873.00,ICBX
4,2023,nms,CITI-ONE ATS,7693568.00,694103976.00,ONEC
4,2023,nms,ONECHRONOS,4487036.00,471843099.00,CGXS
4,2023,nms,LIQUIDNET NEGOTIATION ATS,11725.00,297908200.00,LQNT
4,2023,nms,CODA,2199618.00,257711309.00,CODA
4,2023,nms,LUMINEX ATS,8509.00,225218396.00,LMNX
4,2023,nms,STIFEL X,73856.00,9027021.00,STFX
4,2023,nms,IBKR EOS ATS,27707.00,4522895.00,IEOS
4,2023,nms,XE,75.00,3103605.00,PJCX
1,2024,nms,UBS ATS,155253507.00,12007568447.00,UBSA
1,2024,nms,INTELLIGENT CROSS LLC,136306361.00,10711841577.00,INCR
1,2024,nms,SIGMA X2,108020533.00,7803592340.00,SGMT
1,2024,nms,INSTINCT X,38161922.00,5397276960.00,MLIX
1,2024,nms,JPM-X,48276115.00,5242580106.00,JPMX
1,2024,nms,LEVEL ATS,80063682.00,5175787635.00,EBXL
1,2024,nms,MS POOL (ATS-4),26573032.00,5053986463.00,MSPL
1,2024,nms,THE BARCLAYS ATS,29692998.00,3340960003.00,LATS
1,2024,nms,MS TRAJECTORY CROSS (ATS-1),12666590.00,2984236694.00,MSTX
1,2024,nms,BIDS ATS,2906684.00,2383250311.00,BIDS
1,2024,nms,VIRTU MATCHIT ATS,16885651.00,2359401869.00,KCGM
1,2024,nms,IBKR ATS,11256039.00,2088513086.00,IATS
1,2024,nms,PURESTREAM,45145519.00,1678326403.00,PURE
1,2024,nms,CROSSSTREAM,4025358.00,1348704184.00,XSTM
1,2024,nms,POSIT,2863029.00,1031040331.00,ITGP
1,2024,nms,BOATS,9823589.00,990117814.00,BLUE
1,2024,nms,JPB-X,6241310.00,963448844.00,JPBX
1,2024,nms,MS RPOOL (ATS-6),8772771.00,962182758.00,MSRP
1,2024,nms,ONECHRONOS,8658713.00,913621070.00,CGXS
1,2024,nms,DEALERWEB,4044.00,832977132.00,DLTA
1,2024,nms,LIQUIDNET H2O ATS,70638.00,742296050.00,LQNA
1,2024,nms,INSTINET BLOCKCROSS,62197.00,679070688.00,BLKX
1,2024,nms,BNPP CORTEX ATS,6926472.00,662465481.00,BNPX
1,2024,nms,CBX,7289472.00,653865145.00,ICBX
1,2024,nms,CITI-ONE ATS,7189801.00,649882159.00,ONEC
1,2024,nms,LIQUIDNET NEGOTIATION ATS,10971.00,293528150.00,LQNT
1,2024,nms,LUMINEX ATS,9147.00,232661566.00,LMNX
1,2024,nms,CODA,1768973.00,199495292.00,CODA
1,2024,nms,STIFEL X,96942.00,13536989.00,STFX
1,2024,nms,IBKR EOS ATS,48843.00,10499757.00,IEOS
2,2024,nms,UBS ATS,169933533.00,13563048058.00,UBSA
2,2024,nms,INTELLIGENT CROSS LLC,148612905.00,11170426144.00,INCR
2,2024,nms,SIGMA X2,125655437.00,8818457869.00,SGMT
1,2023,otc,OTC LINK NQB IDQS,700003.00,13005202888.00,OTCN
1,2023,otc,OTC LINK ECN ATS,941757.00,5609026528.00,OTCX
1,2023,otc,GLOBAL OTC,1477987.00,569633403.00,ARCA
1,2023,otc,"TZERO ATS, LLC",3983.00,1120112.00,PROS
1,2023,otc,"VARIABLE INVESTMENT ADVISORS, INC.",29.00,387500.00,VIAT
1,2023,otc,"REALTO SECURITIES, LLC",72.00,282938.00,ALTS
1,2023,otc,NORTH CAPITAL PRIVATE SECURITIES CORPORATION,41569.00,267510.00,PPEX
1,2023,otc,"FNC AG STOCK, LLC",76.00,84340.00,FNCA
1,2023,otc,SECURITIZE MARKETS ATS,448.00,70564.00,SMKT
1,2023,otc,LEX,51.00,92.00,LEXA
2,2024,nms,MS POOL (ATS-4),34326922.00,6464783746.00,MSPL
2,2024,nms,LEVEL ATS,225198363.00,6131453051.00,EBXL
2,2024,nms,INSTINCT X,40065492.00,5357334477.00,MLIX
2,2024,nms,JPM-X,48302313.00,5043293122.00,JPMX
2,2024,nms,MS TRAJECTORY CROSS (ATS-1),14954379.00,3395162706.00,MSTX
2,2024,nms,THE BARCLAYS ATS,26577347.00,3028292147.00,LATS
2,2024,nms,BIDS ATS,2457178.00,2353142372.00,BIDS
2,2024,nms,IBKR ATS,11649285.00,2204301375.00,IATS
2,2024,nms,VIRTU MATCHIT ATS,23484324.00,2188094618.00,KCGM
2,2024,nms,PURESTREAM,51227343.00,1928343416.00,PURE
2,2024,nms,BOATS,13197376.00,1609605960.00,BLUE
2,2024,nms,CROSSSTREAM,3984375.00,1378716216.00,XSTM
2,2024,nms,POSIT,2751850.00,1095969346.00,ITGP
2,2024,nms,JPB-X,6941609.00,1079918492.00,JPBX
2,2024,nms,ONECHRONOS,10354974.00,1043127479.00,CGXS
2,2024,nms,MS RPOOL (ATS-6),9707528.00,1041092348.00,MSRP
2,2024,nms,LIQUIDNET H2O ATS,95965.00,842583913.00,LQNA
2,2024,nms,CITI-ONE ATS,10641661.00,829626127.00,ONEC
2,2024,nms,CBX,11928046.00,710299477.00,ICBX
2,2024,nms,DEALERWEB,3761.00,676495991.00,DLTA
2,2024,nms,INSTINET BLOCKCROSS,59276.00,648043836.00,BLKX
2,2024,nms,BNPP CORTEX ATS,7066813.00,632320327.00,BNPX
2,2024,nms,LIQUIDNET NEGOTIATION ATS,12243.00,329663810.00,LQNT
2,2024,nms,CODA,1889782.00,211973982.00,CODA
2,2024,nms,LUMINEX ATS,7968.00,205267242.00,LMNX
2,2024,nms,IBKR EOS ATS,84376.00,21810469.00,IEOS
2,2024,nms,STIFEL X,126741.00,15745201.00,STFX
3,2024,nms,UBS ATS,187694893.00,15016058118.00,UBSA
3,2024,nms,INTELLIGENT CROSS LLC,154001338.00,11800831972.00,INCR
3,2024,nms,SIGMA X2,143824937.00,10516236446.00,SGMT
3,2024,nms,LEVEL ATS,160728224.00,7106673331.00,EBXL
3,2024,nms,MS POOL (ATS-4),33593653.00,6295084342.00,MSPL
3,2024,nms,INSTINCT X,46300715.00,5884670629.00,MLIX
3,2024,nms,MS TRAJECTORY CROSS (ATS-1),62392153.00,4587545681.00,MSTX
3,2024,nms,JPM-X,37751112.00,3602342824.00,JPMX
3,2024,nms,THE BARCLAYS ATS,30922462.00,3336326075.00,LATS
3,2024,nms,BIDS ATS,2869314.00,2494475993.00,BIDS
3,2024,nms,IBKR ATS,13160025.00,2277641131.00,IATS
3,2024,nms,VIRTU MATCHIT ATS,22185462.00,2227216886.00,KCGM
3,2024,nms,PURESTREAM,53553482.00,2069331479.00,PURE
3,2024,nms,JPB-X,11930248.00,1751225345.00,JPBX
3,2024,nms,ONECHRONOS,15807458.00,1590502474.00,CGXS
3,2024,nms,CROSSSTREAM,4342850.00,1509752829.00,XSTM
3,2024,nms,POSIT,3179296.00,1168189947.00,ITGP
3,2024,nms,CITI-ONE ATS,13027588.00,1114692692.00,ONEC
3,2024,nms,MS RPOOL (ATS-6),8192095.00,944825690.00,MSRP
3,2024,nms,LIQUIDNET H2O ATS,97585.00,831141870.00,LQNA
3,2024,nms,BOATS,8894076.00,786043747.00,BLUE
3,2024,nms,CBX,11348119.00,770808388.00,ICBX
3,2024,nms,BNPP CORTEX ATS,8383452.00,674449368.00,BNPX
3,2024,nms,DEALERWEB,4574.00,659534885.00,DLTA
3,2024,nms,INSTINET BLOCKCROSS,70056.00,634751157.00,BLKX
3,2024,nms,LIQUIDNET NEGOTIATION ATS,13201.00,354030500.00,LQNT
3,2024,nms,LUMINEX ATS,7439.00,197368523.00,LMNX
3,2024,nms,CODA,1548206.00,183910866.00,CODA
3,2024,nms,IBKR EOS ATS,259693.00,54330793.00,IEOS
3,2024,nms,STIFEL X,165155.00,17222541.00,STFX
4,2024,nms,UBS ATS,201822557.00,15491698172.00,UBSA
4,2024,nms,INTELLIGENT CROSS LLC,184912332.00,13747735196.00,INCR
4,2024,nms,SIGMA X2,170029619.00,10795247384.00,SGMT
4,2024,nms,LEVEL ATS,154657773.00,7548335271.00,EBXL
4,2024,nms,INSTINCT X,57916738.00,6880371107.00,MLIX
4,2024,nms,MS POOL (ATS-4),32550829.00,6501709721.00,MSPL
4,2024,nms,MS TRAJECTORY CROSS (ATS-1),130760562.00,5828543526.00,MSTX
2,2023,otc,OTC LINK NQB IDQS,700833.00,14519940609.00,OTCN
2,2023,otc,OTC LINK ECN ATS,804564.00,1723519803.00,OTCX
2,2023,otc,GLOBAL OTC,1215950.00,435112065.00,ARCA
2,2023,otc,"LODAS SECURITIES, LLC",115.00,1396692.00,ALTS
2,2023,otc,"TZERO ATS, LLC",2721.00,870677.00,PROS
2,2023,otc,NORTH CAPITAL PRIVATE SECURITIES CORPORATION,34155.00,195651.00,PPEX
2,2023,otc,"FNC AG STOCK, LLC",52.00,174055.00,FNCA
2,2023,otc,"VARIABLE INVESTMENT ADVISORS, INC.",31.00,172500.00,VIAT
2,2023,otc,SECURITIZE MARKETS ATS,248.00,59457.00,SMKT
2,2023,otc,STARTENGINE SECONDARY,3.00,74.00,STEN
4,2024,nms,JPM-X,38973598.00,3601271606.00,JPMX
4,2024,nms,THE BARCLAYS ATS,29318953.00,3575422433.00,LATS
4,2024,nms,PURESTREAM,75299435.00,2780616425.00,PURE
4,2024,nms,BIDS ATS,3662224.00,2561427112.00,BIDS
4,2024,nms,IBKR ATS,17338426.00,2489827986.00,IATS
4,2024,nms,VIRTU MATCHIT ATS,22351153.00,2304025612.00,KCGM
4,2024,nms,ONECHRONOS,24170923.00,2295279632.00,CGXS
4,2024,nms,JPB-X,15155788.00,2248875418.00,JPBX
4,2024,nms,CROSSSTREAM,5004833.00,1662350162.00,XSTM
4,2024,nms,POSIT,2943106.00,1193426102.00,ITGP
4,2024,nms,CITI-ONE ATS,11201294.00,1058629922.00,ONEC
4,2024,nms,CBX,15401101.00,1014642471.00,ICBX
4,2024,nms,LIQUIDNET H2O ATS,176553.00,847339752.00,LQNA
4,2024,nms,BNPP CORTEX ATS,8248202.00,730873177.00,BNPX
4,2024,nms,INSTINET BLOCKCROSS,119437.00,710915122.00,BLKX
4,2024,nms,BOATS,4947505.00,699587345.00,BLUE
4,2024,nms,DEALERWEB,5014.00,649149763.00,DLTA
4,2024,nms,MS RPOOL (ATS-6),5972545.00,620797174.00,MSRP
4,2024,nms,LIQUIDNET NEGOTIATION ATS,13330.00,356904930.00,LQNT
4,2024,nms,CODA,1758339.00,211109099.00,CODA
4,2024,nms,LUMINEX ATS,7194.00,194022588.00,LMNX
4,2024,nms,IBKR EOS ATS,386524.00,74758473.00,IEOS
4,2024,nms,STIFEL X,205108.00,18838474.00,STFX
1,2025,nms,INTELLIGENT CROSS LLC,265151223.00,20436991472.00,INCR
1,2025,nms,UBS ATS,250273985.00,20274485752.00,UBSA
1,2025,nms,SIGMA X2,191474217.00,12680394452.00,SGMT
1,2025,nms,LEVEL ATS,194073265.00,10090497040.00,EBXL
1,2025,nms,INSTINCT X,81878032.00,8732490740.00,MLIX
1,2025,nms,MS POOL (ATS-4),42803682.00,8662281023.00,MSPL
1,2025,nms,MS TRAJECTORY CROSS (ATS-1),175446750.00,7429199169.00,MSTX
1,2025,nms,JPM-X,52668402.00,5218575418.00,JPMX
1,2025,nms,PURESTREAM,128184995.00,4966493507.00,PURE
1,2025,nms,THE BARCLAYS ATS,32291231.00,4078762114.00,LATS
1,2025,nms,ONECHRONOS,36252079.00,3261219642.00,CGXS
1,2025,nms,BIDS ATS,4548177.00,3009950084.00,BIDS
1,2025,nms,JPB-X,24174219.00,3001601594.00,JPBX
1,2025,nms,VIRTU MATCHIT ATS,27812924.00,2953371635.00,KCGM
1,2025,nms,IBKR ATS,19402420.00,2940462500.00,IATS
1,2025,nms,POSIT,9957993.00,2259847652.00,ITGP
1,2025,nms,CROSSSTREAM,5642277.00,1937896471.00,XSTM
1,2025,nms,CBX,23807202.00,1822148855.00,ICBX
1,2025,nms,CITI-ONE ATS,11045451.00,1092155973.00,ONEC
1,2025,nms,BNPP CORTEX ATS,11325272.00,1041855403.00,BNPX
1,2025,nms,MS RPOOL (ATS-6),9516704.00,913417946.00,MSRP
1,2025,nms,LIQUIDNET H2O ATS,236225.00,913134360.00,LQNA
1,2025,nms,INSTINET BLOCKCROSS,228053.00,909265523.00,BLKX
1,2025,nms,BOATS,6436750.00,826904151.00,BLUE
1,2025,nms,DEALERWEB,5439.00,713659264.00,DLTA
1,2025,nms,LIQUIDNET NEGOTIATION ATS,12403.00,330885700.00,LQNT
1,2025,nms,CODA,1864482.00,207717981.00,CODA
1,2025,nms,LUMINEX ATS,7354.00,179918778.00,LMNX
1,2025,nms,IBKR EOS ATS,426063.00,67362298.00,IEOS
1,2025,nms,ALPHAX US,423403.00,49023461.00,ALPX
1,2025,nms,STIFEL X,438829.00,36555824.00,STFX
1,2025,nms,MOON ATS,631.00,113007.00,MOON
1,2025,nms,BRUCE ATS,13.00,21.00,BOSS
2,2025,nms,INTELLIGENT CROSS LLC,283869790.00,24789077336.00,INCR
2,2025,nms,UBS ATS,229875180.00,19116485910.00,UBSA
2,2025,nms,SIGMA X2,201940667.00,12557291781.00,SGMT
2,2025,nms,LEVEL ATS,195341942.00,9618942757.00,EBXL
2,2025,nms,MS POOL (ATS-4),37188974.00,8542906891.00,MSPL
2,2025,nms,INSTINCT X,83378538.00,8367738189.00,MLIX
2,2025,nms,MS TRAJECTORY CROSS (ATS-1),77377911.00,7313051302.00,MSTX
2,2025,nms,PURESTREAM,103544141.00,5093097294.00,PURE
3,2023,otc,OTC LINK NQB IDQS,706526.00,16230724909.00,OTCN
3,2023,otc,OTC LINK ECN ATS,659922.00,753455309.00,OTCX
3,2023,otc,GLOBAL OTC,1114487.00,380797269.00,ARCA
3,2023,otc,"TZERO ATS, LLC",2293.00,741521.00,PROS
3,2023,otc,LODAS SECURITIES ALTERNATIVE TRADING SYSTEM,83.00,515738.00,ALTS
3,2023,otc,"VARIABLE INVESTMENT ADVISORS, INC.",34.00,298005.00,VIAT
3,2023,otc,NORTH CAPITAL PRIVATE SECURITIES CORPORATION,37296.00,188358.00,PPEX
3,2023,otc,"FNC AG STOCK, LLC",47.00,38555.00,FNCA
3,2023,otc,SECURITIZE MARKETS ATS,26.00,1250.00,SMKT
3,2023,otc,"INX SECURITIES, LLC",1.00,500.00,SWCL
3,2023,otc,STARTENGINE SECONDARY,10.00,35.00,STEN
2,2025,nms,THE BARCLAYS ATS,38731016.00,4891220631.00,LATS
2,2025,nms,JPM-X,49358841.00,4522472843.00,JPMX
2,2025,nms,BIDS ATS,6513688.00,3836529007.00,BIDS
2,2025,nms,ONECHRONOS,39183673.00,3608886775.00,CGXS
2,2025,nms,VIRTU MATCHIT ATS,29271959.00,3090535977.00,KCGM
2,2025,nms,IBKR ATS,17241232.00,2979914764.00,IATS
2,2025,nms,JPB-X,29691637.00,2750112665.00,JPBX
2,2025,nms,POSIT,11534738.00,2593953846.00,ITGP
2,2025,nms,CBX,20052001.00,1994082696.00,ICBX
2,2025,nms,CROSSSTREAM,4892303.00,1695550060.00,XSTM
2,2025,nms,BOATS,8881511.00,1359136049.00,BLUE
2,2025,nms,CITI-ONE ATS,10751052.00,1268633589.00,ONEC
2,2025,nms,BNPP CORTEX ATS,12650298.00,1023994665.00,BNPX
2,2025,nms,MS RPOOL (ATS-6),12062417.00,841347562.00,MSRP
2,2025,nms,LIQUIDNET H2O ATS,381165.00,672436252.00,LQNA
2,2025,nms,DEALERWEB,7062.00,664586057.00,DLTA
2,2025,nms,INSTINET BLOCKCROSS,200563.00,578678795.00,BLKX
2,2025,nms,LIQUIDNET NEGOTIATION ATS,9201.00,272484200.00,LQNT
2,2025,nms,ALPHAX US,1931454.00,236234144.00,ALPX
2,2025,nms,CODA,1920969.00,220812646.00,CODA
2,2025,nms,LUMINEX ATS,4981.00,130081502.00,LMNX
2,2025,nms,IBKR EOS ATS,573762.00,110486010.00,IEOS
2,2025,nms,STIFEL X,410987.00,30538927.00,STFX
2,2025,nms,MOON ATS,6939.00,1465808.00,MOON
2,2025,nms,BRUCE ATS,1647.00,682470.00,BOSS
1,2022,tier1,UBS ATS,82115581.00,7198106497.00,UBSA
1,2022,tier1,SIGMA X2,59681533.00,5417562270.00,SGMT
1,2022,tier1,CROSSFINDER,29350107.00,3997345957.00,CROS
1,2022,tier1,JPM-X,30268473.00,3484119841.00,JPMX
1,2022,tier1,LEVEL ATS,21572684.00,2780064836.00,EBXL
1,2022,tier1,INTELLIGENT CROSS LLC,32452804.00,2629768750.00,INCR
1,2022,tier1,MS POOL (ATS-4),11909206.00,2208868372.00,MSPL
1,2022,tier1,THE BARCLAYS ATS,14226907.00,1869472306.00,LATS
1,2022,tier1,BIDS ATS,1624711.00,1711396424.00,BIDS
1,2022,tier1,VIRTU MATCHIT ATS,10230599.00,1256623301.00,KCGM
1,2022,tier1,MS TRAJECTORY CROSS (ATS-1),5243629.00,1186184038.00,MSTX
1,2022,tier1,DEALERWEB,5079.00,1041230231.00,DLTA
1,2022,tier1,IBKR ATS,8295759.00,950487853.00,IATS
1,2022,tier1,INSTINCT X,4270011.00,924936000.00,MLIX
1,2022,tier1,JPB-X,13065019.00,758919102.00,JPBX
1,2022,tier1,MS RPOOL (ATS-6),5801727.00,734702150.00,MSRP
1,2022,tier1,CROSSSTREAM,1904374.00,701149905.00,XSTM
1,2022,tier1,POSIT,2584671.00,699870140.00,ITGP
1,2022,tier1,INSTINET BLOCKCROSS,42997.00,491414705.00,BLKX
1,2022,tier1,BNPP CORTEX ATS,4106288.00,436979169.00,BNPX
1,2022,tier1,LIQUIDNET H2O ATS,45165.00,420320790.00,LQNA
1,2022,tier1,CBX,2091078.00,349536543.00,ICBX
1,2022,tier1,CODA,1297275.00,206506426.00,CODA
1,2022,tier1,LUMINEX ATS,5695.00,180874344.00,LMNX
1,2022,tier1,LIQUIDNET NEGOTIATION ATS,6752.00,179490280.00,LQNT
1,2022,tier1,CITIBLOC,3230.00,47688279.00,CBLC
1,2022,tier1,PURESTREAM,2480166.00,30633787.00,PURE
1,2022,tier1,BOATS,118309.00,8954210.00,BLUE
1,2022,tier1,XE,1208.00,6913328.00,PJCX
1,2022,tier1,AQUA,513.00,5263235.00,AQUA
1,2022,tier1,STIFEL X,1449.00,169172.00,STFX
1,2022,tier1,CITI-ONE ATS,2.00,200.00,ONEC
2,2022,tier1,UBS ATS,74513614.00,6784159772.00,UBSA
2,2022,tier1,SIGMA X2,55625588.00,5299166267.00,SGMT
2,2022,tier1,CROSSFINDER,27266678.00,3882736142.00,CROS
2,2022,tier1,JPM-X,29028348.00,3289950098.00,JPMX
2,2022,tier1,INTELLIGENT CROSS LLC,35551883.00,2974769661.00,INCR
2,2022,tier1,LEVEL ATS,22830924.00,2769740138.00,EBXL
4,2023,otc,OTC LINK NQB IDQS,831183.00,18092991996.00,OTCN
4,2023,otc,OTC LINK ECN ATS,884074.00,877749919.00,OTCX
4,2023,otc,GLOBAL OTC,1362854.00,444433223.00,ARCA
4,2023,otc,"TZERO ATS, LLC",2176.00,596576.00,PROS
4,2023,otc,LODAS SECURITIES ALTERNATIVE TRADING SYSTEM,84.00,571864.00,ALTS
4,2023,otc,NORTH CAPITAL PRIVATE SECURITIES CORPORATION,32880.00,218364.00,PPEX
4,2023,otc,"FNC AG STOCK, LLC",51.00,72668.00,FNCA
4,2023,otc,"INX SECURITIES, LLC",4.00,7309.00,SWCL
4,2023,otc,SECURITIZE MARKETS ATS,12.00,356.00,SMKT
4,2023,otc,STARTENGINE SECONDARY,3.00,28.00,STEN
2,2022,tier1,MS POOL (ATS-4),12218829.00,2160316160.00,MSPL
2,2022,tier1,THE BARCLAYS ATS,12662947.00,1767203554.00,LATS
2,2022,tier1,BIDS ATS,1655237.00,1495808978.00,BIDS
2,2022,tier1,VIRTU MATCHIT ATS,12056846.00,1422484576.00,KCGM
2,2022,tier1,MS TRAJECTORY CROSS (ATS-1),5166421.00,1212379777.00,MSTX
2,2022,tier1,IBKR ATS,7264153.00,903854857.00,IATS
2,2022,tier1,JPB-X,13665442.00,845088126.00,JPBX
2,2022,tier1,DEALERWEB,4234.00,822333274.00,DLTA
2,2022,tier1,MS RPOOL (ATS-6),6856010.00,820953703.00,MSRP
2,2022,tier1,POSIT,2800059.00,729915825.00,ITGP
2,2022,tier1,CROSSSTREAM,2037396.00,722952493.00,XSTM
2,2022,tier1,INSTINCT X,4093067.00,632769014.00,MLIX
2,2022,tier1,INSTINET BLOCKCROSS,37644.00,406868141.00,BLKX
2,2022,tier1,LIQUIDNET H2O ATS,45860.00,385521651.00,LQNA
2,2022,tier1,BNPP CORTEX ATS,3368428.00,364533923.00,BNPX
2,2022,tier1,CBX,1939867.00,330329993.00,ICBX
2,2022,tier1,CODA,1415750.00,205895998.00,CODA
2,2022,tier1,LIQUIDNET NEGOTIATION ATS,6047.00,151872400.00,LQNT
2,2022,tier1,LUMINEX ATS,4819.00,143159711.00,LMNX
2,2022,tier1,PURESTREAM,2864233.00,37235609.00,PURE
2,2022,tier1,BOATS,117722.00,5810133.00,BLUE
2,2022,tier1,AQUA,470.00,4792514.00,AQUA
2,2022,tier1,CITI-ONE ATS,23460.00,4547965.00,ONEC
2,2022,tier1,XE,324.00,1394977.00,PJCX
2,2022,tier1,STIFEL X,1622.00,178740.00,STFX
2,2022,tier1,ONECHRONOS,2.00,200.00,CGXS
3,2022,tier1,UBS ATS,70122136.00,6118088099.00,UBSA
3,2022,tier1,SIGMA X2,50464556.00,4769839064.00,SGMT
3,2022,tier1,CROSSFINDER,22291800.00,3074573515.00,CROS
3,2022,tier1,INTELLIGENT CROSS LLC,36349105.00,3069185681.00,INCR
3,2022,tier1,JPM-X,26713747.00,2948737057.00,JPMX
3,2022,tier1,LEVEL ATS,22973798.00,2568293838.00,EBXL
3,2022,tier1,MS POOL (ATS-4),11810129.00,2060582051.00,MSPL
3,2022,tier1,THE BARCLAYS ATS,10118917.00,1518974015.00,LATS
3,2022,tier1,BIDS ATS,1548654.00,1356461719.00,BIDS
3,2022,tier1,MS TRAJECTORY CROSS (ATS-1),5168182.00,1225604518.00,MSTX
3,2022,tier1,VIRTU MATCHIT ATS,9351938.00,1179623981.00,KCGM
3,2022,tier1,INSTINCT X,7547020.00,1162139255.00,MLIX
3,2022,tier1,JPB-X,17007100.00,999409348.00,JPBX
3,2022,tier1,IBKR ATS,5804345.00,863535827.00,IATS
3,2022,tier1,CROSSSTREAM,2167094.00,786374625.00,XSTM
3,2022,tier1,DEALERWEB,3834.00,754586196.00,DLTA
3,2022,tier1,MS RPOOL (ATS-6),5992383.00,729957015.00,MSRP
3,2022,tier1,POSIT,2498486.00,655833761.00,ITGP
3,2022,tier1,INSTINET BLOCKCROSS,33788.00,357166622.00,BLKX
3,2022,tier1,LIQUIDNET H2O ATS,39080.00,349562360.00,LQNA
3,2022,tier1,BNPP CORTEX ATS,2616806.00,303396494.00,BNPX
3,2022,tier1,CBX,1610616.00,265174494.00,ICBX
3,2022,tier1,CODA,1299554.00,190211766.00,CODA
3,2022,tier1,LIQUIDNET NEGOTIATION ATS,5300.00,134127300.00,LQNT
3,2022,tier1,CITI-ONE ATS,480144.00,126973899.00,ONEC
3,2022,tier1,LUMINEX ATS,4344.00,118724524.00,LMNX
3,2022,tier1,PURESTREAM,7323965.00,87202722.00,PURE
3,2022,tier1,BOATS,111653.00,5127789.00,BLUE
3,2022,tier1,AQUA,333.00,3293800.00,AQUA
3,2022,tier1,XE,178.00,2257076.00,PJCX
3,2022,tier1,ONECHRONOS,6692.00,975889.00,CGXS
3,2022,tier1,STIFEL X,1782.00,201858.00,STFX
4,2022,tier1,UBS ATS,81220197.00,6492761854.00,UBSA
4,2022,tier1,SIGMA X2,56718800.00,5110328228.00,SGMT
4,2022,tier1,INTELLIGENT CROSS LLC,45686025.00,3842001934.00,INCR
1,2024,otc,OTC LINK NQB IDQS,728247.00,18225949235.00,OTCN
1,2024,otc,OTC LINK ECN ATS,734571.00,1146064941.00,OTCX
1,2024,otc,GLOBAL OTC,1305835.00,498996322.00,ARCA
1,2024,otc,"INX SECURITIES, LLC",650.00,2120030.00,SWCL
1,2024,otc,LODAS SECURITIES ALTERNATIVE TRADING SYSTEM,181.00,1213411.00,ALTS
1,2024,otc,"TZERO ATS, LLC",2104.00,758750.00,PROS
1,2024,otc,NORTH CAPITAL PRIVATE SECURITIES CORPORATION,42801.00,239799.00,PPEX
1,2024,otc,"FNC AG STOCK, LLC",44.00,155001.00,FNCA
1,2024,otc,"VARIABLE INVESTMENT ADVISORS, INC.",16.00,119000.00,VIAT
1,2024,otc,STARTENGINE SECONDARY,466.00,69052.00,STEN
4,2022,tier1,JPM-X,28844590.00,3143895790.00,JPMX
4,2022,tier1,CROSSFINDER,23612053.00,3075714094.00,CROS
4,2022,tier1,LEVEL ATS,23149262.00,2598165727.00,EBXL
4,2022,tier1,MS POOL (ATS-4),11940253.00,2050747620.00,MSPL
4,2022,tier1,INSTINCT X,13877446.00,1897518992.00,MLIX
4,2022,tier1,THE BARCLAYS ATS,11197289.00,1656702505.00,LATS
4,2022,tier1,BIDS ATS,1733806.00,1410152443.00,BIDS
4,2022,tier1,MS TRAJECTORY CROSS (ATS-1),5748439.00,1408118582.00,MSTX
4,2022,tier1,VIRTU MATCHIT ATS,11112699.00,1316999013.00,KCGM
4,2022,tier1,JPB-X,8513478.00,1081583007.00,JPBX
4,2022,tier1,IBKR ATS,5834684.00,952043695.00,IATS
4,2022,tier1,CROSSSTREAM,2369057.00,908294520.00,XSTM
4,2022,tier1,DEALERWEB,4278.00,875539422.00,DLTA
4,2022,tier1,MS RPOOL (ATS-6),5201860.00,667107802.00,MSRP
4,2022,tier1,POSIT,2377552.00,629660887.00,ITGP
4,2022,tier1,INSTINET BLOCKCROSS,38895.00,393880996.00,BLKX
4,2022,tier1,BNPP CORTEX ATS,3728003.00,352666180.00,BNPX
4,2022,tier1,LIQUIDNET H2O ATS,36473.00,345433800.00,LQNA
4,2022,tier1,PURESTREAM,11703042.00,321424053.00,PURE
4,2022,tier1,CBX,1283061.00,232541211.00,ICBX
4,2022,tier1,CODA,1353183.00,197607688.00,CODA
4,2022,tier1,LUMINEX ATS,5498.00,151451664.00,LMNX
4,2022,tier1,LIQUIDNET NEGOTIATION ATS,5238.00,136776220.00,LQNT
4,2022,tier1,CITI-ONE ATS,700727.00,116192173.00,ONEC
4,2022,tier1,ONECHRONOS,74483.00,11488695.00,CGXS
4,2022,tier1,BOATS,150066.00,8577105.00,BLUE
4,2022,tier1,XE,283.00,1828293.00,PJCX
4,2022,tier1,STIFEL X,1104.00,162026.00,STFX
4,2022,tier1,IBKR EOS ATS,293.00,35503.00,IEOS
1,2023,tier1,UBS ATS,93672432.00,7118262439.00,UBSA
1,2023,tier1,SIGMA X2,66154368.00,5589110234.00,SGMT
1,2023,tier1,INTELLIGENT CROSS LLC,54322360.00,4625765368.00,INCR
1,2023,tier1,JPM-X,28654202.00,3198460310.00,JPMX
1,2023,tier1,LEVEL ATS,25770558.00,2788504148.00,EBXL
1,2023,tier1,CROSSFINDER,19987771.00,2515838960.00,CROS
1,2023,tier1,MS POOL (ATS-4),12699093.00,2223756951.00,MSPL
1,2023,tier1,INSTINCT X,14671047.00,2113881614.00,MLIX
1,2023,tier1,THE BARCLAYS ATS,15077725.00,1685742024.00,LATS
1,2023,tier1,BIDS ATS,1827812.00,1563937925.00,BIDS
1,2023,tier1,MS TRAJECTORY CROSS (ATS-1),5799385.00,1459402424.00,MSTX
1,2023,tier1,VIRTU MATCHIT ATS,9581061.00,1115123055.00,KCGM
1,2023,tier1,IBKR ATS,6155442.00,981233657.00,IATS
1,2023,tier1,CROSSSTREAM,2505593.00,903709914.00,XSTM
1,2023,tier1,JPB-X,6289464.00,849991935.00,JPBX
1,2023,tier1,DEALERWEB,4097.00,839416348.00,DLTA
1,2023,tier1,POSIT,2635615.00,680310629.00,ITGP
1,2023,tier1,MS RPOOL (ATS-6),4959821.00,631642852.00,MSRP
1,2023,tier1,PURESTREAM,15002924.00,552023976.00,PURE
1,2023,tier1,INSTINET BLOCKCROSS,39915.00,428510806.00,BLKX
1,2023,tier1,LIQUIDNET H2O ATS,36250.00,374123100.00,LQNA
1,2023,tier1,BNPP CORTEX ATS,7279619.00,348489836.00,BNPX
1,2023,tier1,CBX,1429764.00,232475197.00,ICBX
1,2023,tier1,LUMINEX ATS,7072.00,187474427.00,LMNX
1,2023,tier1,CODA,1289239.00,181521841.00,CODA
1,2023,tier1,LIQUIDNET NEGOTIATION ATS,6105.00,148357600.00,LQNT
1,2023,tier1,CITI-ONE ATS,1100627.00,135084907.00,ONEC
1,2023,tier1,ONECHRONOS,362256.00,51513711.00,CGXS
1,2023,tier1,BOATS,697893.00,23587483.00,BLUE
1,2023,tier1,XE,37.00,391295.00,PJCX
1,2023,tier1,IBKR EOS ATS,631.00,166376.00,IEOS
2,2024,otc,OTC LINK NQB IDQS,839893.00,13463797260.00,OTCN
2,2024,otc,OTC LINK ECN ATS,857293.00,2667961172.00,OTCX
2,2024,otc,GLOBAL OTC,1355991.00,568512333.00,ARCA
2,2024,otc,"INX SECURITIES, LLC",767.00,3281803.00,SWCL
2,2024,otc,LODAS SECURITIES ALTERNATIVE TRADING SYSTEM,155.00,866651.00,ALTS
2,2024,otc,TZERO SECURITIES LLC,1150.00,494696.00,PROS
2,2024,otc,"VARIABLE INVESTMENT ADVISORS, INC.",43.00,400004.00,VIAT
2,2024,otc,NORTH CAPITAL PRIVATE SECURITIES CORPORATION,31616.00,153782.00,PPEX
2,2024,otc,STARTENGINE SECONDARY,413.00,68877.00,STEN
2,2024,otc,"FNC AG STOCK, LLC",32.00,48603.00,FNCA
2,2024,otc,SECURITIZE MARKETS ATS,15.00,4247.00,SMKT
1,2023,tier1,STIFEL X,773.00,103592.00,STFX
2,2023,tier1,UBS ATS,104988768.00,6874213537.00,UBSA
2,2023,tier1,SIGMA X2,71642513.00,5364084166.00,SGMT
2,2023,tier1,INTELLIGENT CROSS LLC,59968335.00,4521941322.00,INCR
2,2023,tier1,JPM-X,33934357.00,3109535396.00,JPMX
2,2023,tier1,LEVEL ATS,28429430.00,2843629254.00,EBXL
2,2023,tier1,INSTINCT X,17414471.00,2339213548.00,MLIX
2,2023,tier1,MS POOL (ATS-4),12012982.00,2133493840.00,MSPL
2,2023,tier1,THE BARCLAYS ATS,19221141.00,1838773072.00,LATS
2,2023,tier1,MS TRAJECTORY CROSS (ATS-1),6063136.00,1498893190.00,MSTX
2,2023,tier1,BIDS ATS,1728770.00,1373511249.00,BIDS
2,2023,tier1,VIRTU MATCHIT ATS,9285142.00,1011380203.00,KCGM
2,2023,tier1,DEALERWEB,4127.00,851759238.00,DLTA
2,2023,tier1,CROSSFINDER,7219938.00,784698687.00,CROS
2,2023,tier1,JPB-X,5517284.00,769793903.00,JPBX
2,2023,tier1,CROSSSTREAM,2389027.00,767830725.00,XSTM
2,2023,tier1,IBKR ATS,5087618.00,765663649.00,IATS
2,2023,tier1,PURESTREAM,19663870.00,717128318.00,PURE
2,2023,tier1,POSIT,2394338.00,586620064.00,ITGP
2,2023,tier1,MS RPOOL (ATS-6),4615844.00,586034530.00,MSRP
2,2023,tier1,INSTINET BLOCKCROSS,37309.00,393371784.00,BLKX
2,2023,tier1,LIQUIDNET H2O ATS,41914.00,355721080.00,LQNA
2,2023,tier1,BNPP CORTEX ATS,3579506.00,336943598.00,BNPX
2,2023,tier1,CBX,1647291.00,259209857.00,ICBX
2,2023,tier1,CITI-ONE ATS,1960029.00,223155976.00,ONEC
2,2023,tier1,ONECHRONOS,1817014.00,174423313.00,CGXS
2,2023,tier1,LUMINEX ATS,6334.00,157664889.00,LMNX
2,2023,tier1,CODA,1136521.00,156919762.00,CODA
2,2023,tier1,LIQUIDNET NEGOTIATION ATS,5782.00,142544900.00,LQNT
2,2023,tier1,BOATS,1291982.00,41250877.00,BLUE
2,2023,tier1,XE,603.00,5410224.00,PJCX
2,2023,tier1,IBKR EOS ATS,3555.00,474960.00,IEOS
2,2023,tier1,STIFEL X,400.00,48587.00,STFX
3,2023,tier1,UBS ATS,124794846.00,7221027227.00,UBSA
3,2023,tier1,INTELLIGENT CROSS LLC,71706279.00,5109479914.00,INCR
3,2023,tier1,SIGMA X2,77493957.00,5057565616.00,SGMT
3,2023,tier1,JPM-X,29044691.00,2999156631.00,JPMX
3,2023,tier1,LEVEL ATS,31191413.00,2611385450.00,EBXL
3,2023,tier1,INSTINCT X,17786720.00,2330831945.00,MLIX
3,2023,tier1,MS POOL (ATS-4),13406163.00,2294857771.00,MSPL
3,2023,tier1,THE BARCLAYS ATS,16398214.00,1769833709.00,LATS
3,2023,tier1,MS TRAJECTORY CROSS (ATS-1),6378158.00,1568876447.00,MSTX
3,2023,tier1,BIDS ATS,1596510.00,1306291102.00,BIDS
3,2023,tier1,VIRTU MATCHIT ATS,8734999.00,995707026.00,KCGM
3,2023,tier1,PURESTREAM,26433624.00,930208406.00,PURE
3,2023,tier1,DEALERWEB,3874.00,816634690.00,DLTA
3,2023,tier1,JPB-X,5184095.00,719107351.00,JPBX
3,2023,tier1,CROSSSTREAM,2356068.00,706746226.00,XSTM
3,2023,tier1,IBKR ATS,4697198.00,605348937.00,IATS
3,2023,tier1,MS RPOOL (ATS-6),4794954.00,576922698.00,MSRP
3,2023,tier1,POSIT,2006691.00,546550803.00,ITGP
3,2023,tier1,CROSSFINDER,4900830.00,448446714.00,CROS
3,2023,tier1,BNPP CORTEX ATS,4301177.00,391164817.00,BNPX
3,2023,tier1,LIQUIDNET H2O ATS,35998.00,333956640.00,LQNA
3,2023,tier1,INSTINET BLOCKCROSS,31606.00,331921478.00,BLKX
3,2023,tier1,ONECHRONOS,3494139.00,280896438.00,CGXS
3,2023,tier1,CITI-ONE ATS,2921691.00,273746859.00,ONEC
3,2023,tier1,CBX,2068559.00,269614135.00,ICBX
3,2023,tier1,CODA,1162159.00,144659540.00,CODA
3,2023,tier1,LUMINEX ATS,5560.00,139685395.00,LMNX
3,2024,otc,OTC LINK NQB IDQS,748597.00,10745903989.00,OTCN
3,2024,otc,OTC LINK ECN ATS,914637.00,1772836852.00,OTCX
3,2024,otc,GLOBAL OTC,1207849.00,416491503.00,ARCA
3,2024,otc,"INX SECURITIES, LLC",500.00,2276570.00,SWCL
3,2024,otc,LODAS SECURITIES ALTERNATIVE TRADING SYSTEM,112.00,886369.00,ALTS
3,2024,otc,TZERO SECURITIES LLC,1432.00,568030.00,PROS
3,2024,otc,"VARIABLE INVESTMENT ADVISORS, INC.",20.00,171529.00,VIAT
3,2024,otc,NORTH CAPITAL PRIVATE SECURITIES CORPORATION,23233.00,108235.00,PPEX
3,2024,otc,STARTENGINE SECONDARY,33.00,37316.00,STEN
3,2024,otc,"FNC AG STOCK, LLC",43.00,36097.00,FNCA
3,2024,otc,SECURITIZE MARKETS ATS,26.00,3537.00,SMKT
3,2023,tier1,LIQUIDNET NEGOTIATION ATS,5394.00,114239500.00,LQNT
3,2023,tier1,BOATS,1765237.00,51959083.00,BLUE
3,2023,tier1,XE,147.00,5308745.00,PJCX
3,2023,tier1,IBKR EOS ATS,9792.00,1168874.00,IEOS
3,2023,tier1,STIFEL X,457.00,69206.00,STFX
4,2023,tier1,UBS ATS,130375419.00,8249524056.00,UBSA
4,2023,tier1,INTELLIGENT CROSS LLC,89978158.00,6890840704.00,INCR
4,2023,tier1,SIGMA X2,81225794.00,5609532586.00,SGMT
4,2023,tier1,LEVEL ATS,51525085.00,3395703335.00,EBXL
4,2023,tier1,JPM-X,32011127.00,3314211002.00,JPMX
4,2023,tier1,MS POOL (ATS-4),17232043.00,3023362874.00,MSPL
4,2023,tier1,INSTINCT X,20057499.00,2771371037.00,MLIX
4,2023,tier1,THE BARCLAYS ATS,20433928.00,2302141700.00,LATS
4,2023,tier1,MS TRAJECTORY CROSS (ATS-1),7330170.00,1911071683.00,MSTX
4,2023,tier1,BIDS ATS,1730233.00,1441018868.00,BIDS
4,2023,tier1,VIRTU MATCHIT ATS,11712337.00,1248261695.00,KCGM
4,2023,tier1,PURESTREAM,28255546.00,1019934070.00,PURE
4,2023,tier1,DEALERWEB,4802.00,978052537.00,DLTA
4,2023,tier1,CROSSSTREAM,2756076.00,845330343.00,XSTM
4,2023,tier1,JPB-X,5408314.00,804830993.00,JPBX
4,2023,tier1,IBKR ATS,5546451.00,747666130.00,IATS
4,2023,tier1,POSIT,2548484.00,631050075.00,ITGP
4,2023,tier1,MS RPOOL (ATS-6),6108899.00,613568619.00,MSRP
4,2023,tier1,BNPP CORTEX ATS,4437291.00,440496861.00,BNPX
4,2023,tier1,LIQUIDNET H2O ATS,45193.00,425298470.00,LQNA
4,2023,tier1,INSTINET BLOCKCROSS,37111.00,402471247.00,BLKX
4,2023,tier1,CITI-ONE ATS,4474504.00,401122791.00,ONEC
4,2023,tier1,CBX,4601044.00,352943168.00,ICBX
4,2023,tier1,ONECHRONOS,2595685.00,272412402.00,CGXS
4,2023,tier1,LUMINEX ATS,5913.00,154869148.00,LMNX
4,2023,tier1,LIQUIDNET NEGOTIATION ATS,6813.00,149687000.00,LQNT
4,2023,tier1,CODA,1261826.00,129540210.00,CODA
4,2023,tier1,BOATS,2238755.00,76455459.00,BLUE
4,2023,tier1,STIFEL X,58479.00,6668612.00,STFX
4,2023,tier1,IBKR EOS ATS,16518.00,2109758.00,IEOS
4,2023,tier1,XE,47.00,1837000.00,PJCX
1,2024,tier1,UBS ATS,97141549.00,6887070015.00,UBSA
1,2024,tier1,INTELLIGENT CROSS LLC,81751414.00,6020516368.00,INCR
1,2024,tier1,SIGMA X2,64342850.00,4591349849.00,SGMT
1,2024,tier1,JPM-X,29541950.00,2964611253.00,JPMX
1,2024,tier1,LEVEL ATS,48679411.00,2900977056.00,EBXL
1,2024,tier1,INSTINCT X,22146806.00,2861628634.00,MLIX
1,2024,tier1,MS POOL (ATS-4),14805683.00,2723390463.00,MSPL
1,2024,tier1,THE BARCLAYS ATS,17018214.00,1979663558.00,LATS
1,2024,tier1,MS TRAJECTORY CROSS (ATS-1),6706244.00,1719035084.00,MSTX
1,2024,tier1,BIDS ATS,1733709.00,1346428824.00,BIDS
1,2024,tier1,PURESTREAM,28514400.00,1027343881.00,PURE
1,2024,tier1,VIRTU MATCHIT ATS,9524408.00,986643663.00,KCGM
1,2024,tier1,DEALERWEB,3993.00,826893132.00,DLTA
1,2024,tier1,IBKR ATS,6779265.00,784163325.00,IATS
1,2024,tier1,CROSSSTREAM,2563051.00,783945698.00,XSTM
1,2024,tier1,JPB-X,3962844.00,622383887.00,JPBX
1,2024,tier1,MS RPOOL (ATS-6),5511923.00,589200566.00,MSRP
1,2024,tier1,ONECHRONOS,5198560.00,546515665.00,CGXS
1,2024,tier1,POSIT,1611331.00,536720287.00,ITGP
1,2024,tier1,BNPP CORTEX ATS,4077756.00,407687993.00,BNPX
1,2024,tier1,INSTINET BLOCKCROSS,35530.00,378018731.00,BLKX
1,2024,tier1,LIQUIDNET H2O ATS,38850.00,372028750.00,LQNA
1,2024,tier1,CITI-ONE ATS,4086231.00,365790963.00,ONEC
1,2024,tier1,CBX,4405104.00,322996732.00,ICBX
4,2024,otc,OTC LINK NQB IDQS,989130.00,13131175551.00,OTCN
4,2024,otc,OTC LINK ECN ATS,1144329.00,1556225936.00,OTCX
4,2024,otc,GLOBAL OTC,1546501.00,683724888.00,ARCA
4,2024,otc,LODAS SECURITIES ALTERNATIVE TRADING SYSTEM,167.00,2267455.00,ALTS
4,2024,otc,"INX SECURITIES, LLC",586.00,1894097.00,SWCL
4,2024,otc,TZERO SECURITIES LLC,2242.00,636975.00,PROS
4,2024,otc,"VARIABLE INVESTMENT ADVISORS, INC.",28.00,306000.00,VIAT
4,2024,otc,NORTH CAPITAL PRIVATE SECURITIES CORPORATION,12753.00,72306.00,PPEX
4,2024,otc,STARTENGINE SECONDARY,59.00,20965.00,STEN
4,2024,otc,"FNC AG STOCK, LLC",13.00,19068.00,FNCA
4,2024,otc,SECURITIZE MARKETS ATS,39.00,18775.00,SMKT
1,2024,tier1,LUMINEX ATS,6483.00,165452251.00,LMNX
1,2024,tier1,LIQUIDNET NEGOTIATION ATS,6271.00,156444950.00,LQNT
1,2024,tier1,BOATS,3476065.00,104232014.00,BLUE
1,2024,tier1,CODA,928873.00,90631238.00,CODA
1,2024,tier1,STIFEL X,69575.00,8798758.00,STFX
1,2024,tier1,IBKR EOS ATS,21945.00,3024396.00,IEOS
2,2024,tier1,UBS ATS,103690007.00,7595945859.00,UBSA
2,2024,tier1,INTELLIGENT CROSS LLC,88938393.00,6249953555.00,INCR
2,2024,tier1,SIGMA X2,73884972.00,5088070204.00,SGMT
2,2024,tier1,LEVEL ATS,136758804.00,3543883213.00,EBXL
2,2024,tier1,MS POOL (ATS-4),19045446.00,3482036526.00,MSPL
2,2024,tier1,JPM-X,29527773.00,2911432748.00,JPMX
2,2024,tier1,INSTINCT X,23105496.00,2826101840.00,MLIX
2,2024,tier1,MS TRAJECTORY CROSS (ATS-1),7818260.00,1906587876.00,MSTX
2,2024,tier1,THE BARCLAYS ATS,15201013.00,1816533092.00,LATS
2,2024,tier1,BIDS ATS,1477493.00,1355914285.00,BIDS
2,2024,tier1,PURESTREAM,31080230.00,1148308482.00,PURE
2,2024,tier1,VIRTU MATCHIT ATS,15490706.00,1027975106.00,KCGM
2,2024,tier1,IBKR ATS,7216369.00,862712173.00,IATS
2,2024,tier1,CROSSSTREAM,2540336.00,804584575.00,XSTM
2,2024,tier1,JPB-X,4389977.00,705379181.00,JPBX
2,2024,tier1,DEALERWEB,3738.00,674955991.00,DLTA
2,2024,tier1,MS RPOOL (ATS-6),5712459.00,600752050.00,MSRP
2,2024,tier1,ONECHRONOS,5864448.00,596322154.00,CGXS
2,2024,tier1,POSIT,1520381.00,582665144.00,ITGP
2,2024,tier1,CITI-ONE ATS,6422011.00,470099365.00,ONEC
2,2024,tier1,LIQUIDNET H2O ATS,55946.00,440672830.00,LQNA
2,2024,tier1,BNPP CORTEX ATS,4174679.00,382995590.00,BNPX
2,2024,tier1,INSTINET BLOCKCROSS,34329.00,365709238.00,BLKX
2,2024,tier1,CBX,7888880.00,357324215.00,ICBX
2,2024,tier1,LIQUIDNET NEGOTIATION ATS,6487.00,164357810.00,LQNT
2,2024,tier1,BOATS,5333746.00,153787289.00,BLUE
2,2024,tier1,LUMINEX ATS,5625.00,143992963.00,LMNX
2,2024,tier1,CODA,999428.00,97107403.00,CODA
2,2024,tier1,STIFEL X,91327.00,9843924.00,STFX
2,2024,tier1,IBKR EOS ATS,39856.00,5879883.00,IEOS
3,2024,tier1,UBS ATS,118576740.00,8549334897.00,UBSA
3,2024,tier1,INTELLIGENT CROSS LLC,93848742.00,6680049025.00,INCR
3,2024,tier1,SIGMA X2,83580708.00,5959077042.00,SGMT
3,2024,tier1,LEVEL ATS,99026397.00,4193400213.00,EBXL
3,2024,tier1,MS POOL (ATS-4),18686980.00,3295059962.00,MSPL
3,2024,tier1,INSTINCT X,27591940.00,3117821965.00,MLIX
3,2024,tier1,MS TRAJECTORY CROSS (ATS-1),32084754.00,2666413275.00,MSTX
3,2024,tier1,JPM-X,24958069.00,2166373506.00,JPMX
3,2024,tier1,THE BARCLAYS ATS,18707721.00,1982678456.00,LATS
3,2024,tier1,BIDS ATS,1723282.00,1441367267.00,BIDS
3,2024,tier1,PURESTREAM,33010774.00,1234848933.00,PURE
3,2024,tier1,JPB-X,7674979.00,1157775287.00,JPBX
3,2024,tier1,VIRTU MATCHIT ATS,14483901.00,1086830998.00,KCGM
3,2024,tier1,ONECHRONOS,9128236.00,922737654.00,CGXS
3,2024,tier1,IBKR ATS,8325998.00,908529017.00,IATS
3,2024,tier1,CROSSSTREAM,2787432.00,895290771.00,XSTM
3,2024,tier1,DEALERWEB,4567.00,659463885.00,DLTA
3,2024,tier1,CITI-ONE ATS,7728406.00,647229735.00,ONEC
3,2024,tier1,POSIT,1899521.00,615268616.00,ITGP
3,2024,tier1,MS RPOOL (ATS-6),4952172.00,550399364.00,MSRP
3,2024,tier1,LIQUIDNET H2O ATS,58708.00,453438130.00,LQNA
3,2024,tier1,BNPP CORTEX ATS,5005502.00,406106474.00,BNPX
3,2024,tier1,CBX,7134538.00,395912023.00,ICBX
3,2024,tier1,INSTINET BLOCKCROSS,40343.00,358304768.00,BLKX
3,2024,tier1,LIQUIDNET NEGOTIATION ATS,7340.00,175198900.00,LQNT
3,2024,tier1,BOATS,3651518.00,134868633.00,BLUE
3,2024,tier1,LUMINEX ATS,5116.00,133096224.00,LMNX
1,2025,otc,OTC LINK NQB IDQS,1329114.00,12025172182.00,OTCN
1,2025,otc,OTC LINK ECN ATS,1605926.00,1780903124.00,OTCX
1,2025,otc,GLOBAL OTC,2323087.00,706036592.00,ARCA
1,2025,otc,"INX SECURITIES, LLC",887.00,3349456.00,SWCL
1,2025,otc,"VARIABLE INVESTMENT ADVISORS, INC.",95.00,797750.00,VIAT
1,2025,otc,TZERO SECURITIES LLC,2828.00,780347.00,PROS
1,2025,otc,LODAS SECURITIES ALTERNATIVE TRADING SYSTEM,137.00,627381.00,ALTS
1,2025,otc,NORTH CAPITAL PRIVATE SECURITIES CORPORATION,12652.00,85991.00,PPEX
1,2025,otc,SECURITIZE MARKETS ATS,103.00,82177.00,SMKT
1,2025,otc,STARTENGINE SECONDARY,50.00,21683.00,STEN
1,2025,otc,"FNC AG STOCK, LLC",14.00,8170.00,FNCA
3,2024,tier1,CODA,845290.00,84910524.00,CODA
3,2024,tier1,IBKR EOS ATS,117661.00,14287787.00,IEOS
3,2024,tier1,STIFEL X,114318.00,10267583.00,STFX
4,2024,tier1,UBS ATS,123166830.00,8491804509.00,UBSA
4,2024,tier1,INTELLIGENT CROSS LLC,111123239.00,7570877107.00,INCR
4,2024,tier1,SIGMA X2,94218828.00,5874675642.00,SGMT
4,2024,tier1,LEVEL ATS,93855695.00,4322946275.00,EBXL
4,2024,tier1,INSTINCT X,33185844.00,3504097915.00,MLIX
4,2024,tier1,MS TRAJECTORY CROSS (ATS-1),65942949.00,3262070073.00,MSTX
4,2024,tier1,MS POOL (ATS-4),17252126.00,3157031527.00,MSPL
4,2024,tier1,JPM-X,25158090.00,2103351459.00,JPMX
4,2024,tier1,THE BARCLAYS ATS,16967159.00,1940920187.00,LATS
4,2024,tier1,PURESTREAM,46176446.00,1646438156.00,PURE
4,2024,tier1,JPB-X,9633055.00,1458680018.00,JPBX
4,2024,tier1,BIDS ATS,2203454.00,1434368796.00,BIDS
4,2024,tier1,ONECHRONOS,13768898.00,1298737980.00,CGXS
4,2024,tier1,VIRTU MATCHIT ATS,13978032.00,1085722780.00,KCGM
4,2024,tier1,CROSSSTREAM,3114906.00,925202154.00,XSTM
4,2024,tier1,IBKR ATS,10406122.00,918747030.00,IATS
4,2024,tier1,DEALERWEB,5013.00,649147763.00,DLTA
4,2024,tier1,POSIT,1555145.00,610025827.00,ITGP
4,2024,tier1,CITI-ONE ATS,6179667.00,589329101.00,ONEC
4,2024,tier1,CBX,9531034.00,504649658.00,ICBX
4,2024,tier1,BNPP CORTEX ATS,4953660.00,449383776.00,BNPX
4,2024,tier1,LIQUIDNET H2O ATS,114916.00,437476750.00,LQNA
4,2024,tier1,INSTINET BLOCKCROSS,73552.00,391709366.00,BLKX
4,2024,tier1,MS RPOOL (ATS-6),3597274.00,372504561.00,MSRP
4,2024,tier1,BOATS,2724204.00,193627462.00,BLUE
4,2024,tier1,LIQUIDNET NEGOTIATION ATS,6961.00,163100830.00,LQNT
4,2024,tier1,LUMINEX ATS,4843.00,130009406.00,LMNX
4,2024,tier1,CODA,929626.00,94280206.00,CODA
4,2024,tier1,IBKR EOS ATS,161557.00,18090101.00,IEOS
4,2024,tier1,STIFEL X,141234.00,11079140.00,STFX
2,2025,otc,OTC LINK NQB IDQS,1384867.00,9721899113.00,OTCN
2,2025,otc,OTC LINK ECN ATS,1569585.00,1373753117.00,OTCX
2,2025,otc,GLOBAL OTC,2039400.00,501403601.00,ARCA
2,2025,otc,"INX SECURITIES, LLC",709.00,2010854.00,SWCL
2,2025,otc,TZERO SECURITIES LLC,1123.00,318348.00,PROS
2,2025,otc,LODAS SECURITIES ALTERNATIVE TRADING SYSTEM,65.00,211469.00,ALTS
2,2025,otc,"VARIABLE INVESTMENT ADVISORS, INC.",36.00,202417.00,VIAT
2,2025,otc,NORTH CAPITAL PRIVATE SECURITIES CORPORATION,12395.00,132270.00,PPEX
2,2025,otc,SECURITIZE MARKETS ATS,136.00,131576.00,SMKT
2,2025,otc,STARTENGINE SECONDARY,88.00,22311.00,STEN
2,2025,otc,"FNC AG STOCK, LLC",35.00,20565.00,FNCA
2,2025,tier1,INTELLIGENT CROSS LLC,166613330.00,12897065577.00,INCR
2,2025,tier1,UBS ATS,139602866.00,10380333580.00,UBSA
2,2025,tier1,SIGMA X2,119068139.00,7076775156.00,SGMT
2,2025,tier1,LEVEL ATS,116997952.00,5442830075.00,EBXL
2,2025,tier1,INSTINCT X,49854787.00,4485963750.00,MLIX
2,2025,tier1,MS POOL (ATS-4),20088507.00,4240026301.00,MSPL
2,2025,tier1,MS TRAJECTORY CROSS (ATS-1),49935532.00,4192090354.00,MSTX
2,2025,tier1,PURESTREAM,59554922.00,2956861268.00,PURE
2,2025,tier1,THE BARCLAYS ATS,23083178.00,2655542491.00,LATS
2,2025,tier1,JPM-X,32135911.00,2624562198.00,JPMX
2,2025,tier1,BIDS ATS,4086448.00,2251955194.00,BIDS
2,2025,tier1,ONECHRONOS,22700407.00,2031400259.00,CGXS
2,2025,tier1,JPB-X,18030258.00,1737777451.00,JPBX
2,2025,tier1,VIRTU MATCHIT ATS,17718615.00,1530269229.00,KCGM
2,2025,tier1,POSIT,6067012.00,1383542173.00,ITGP
2,2025,tier1,IBKR ATS,9500103.00,1104212434.00,IATS
2,2025,tier1,CBX,11937855.00,1015029765.00,ICBX
2,2025,tier1,CROSSSTREAM,2975401.00,912772236.00,XSTM
2,2025,tier1,CITI-ONE ATS,5985381.00,670638313.00,ONEC
2,2025,tier1,DEALERWEB,7062.00,664586057.00,DLTA
2,2025,tier1,BNPP CORTEX ATS,7591919.00,605790044.00,BNPX
2,2025,tier1,MS RPOOL (ATS-6),6358219.00,473072566.00,MSRP
2,2025,tier1,BOATS,4813854.00,370337174.00,BLUE
2,2025,tier1,LIQUIDNET H2O ATS,247430.00,356912850.00,LQNA
2,2025,tier1,INSTINET BLOCKCROSS,128355.00,309160216.00,BLKX
2,2025,tier1,ALPHAX US,1203187.00,135264690.00,ALPX
2,2025,tier1,LIQUIDNET NEGOTIATION ATS,4926.00,121684600.00,LQNT
2,2025,tier1,CODA,1014007.00,96869040.00,CODA
2,2025,tier1,LUMINEX ATS,3453.00,89805525.00,LMNX
2,2025,tier1,IBKR EOS ATS,284441.00,28733004.00,IEOS
2,2025,tier1,STIFEL X,290546.00,18195590.00,STFX
2,2025,tier1,MOON ATS,5589.00,537488.00,MOON
2,2025,tier1,BRUCE ATS,698.00,68067.00,BOSS