url,title,date,sentiment
https://investopedia.com/broker/robinhood-review,Robinhood Review,9/9/25,Neutral
https://ft.com/content/2bc3ad00-f1cb-498a-8d0e-adf744512c8f,"Online brokers, like the stocks they shift, are hot again",8/8/25,Neutral
https://globaltrading.net/robinhood-schwab-led-us461m-retail-order-flow-payment-bonanza-in-may,"Robinhood, Schwab led US$340m retail order flow payment bonanza in May",8/8/25,Neutral
https://innreg.com/blog/payment-for-order-flow-and-finra-rule-5310,Payment for Order Flow (PFOF) and FINRA Rule 5310: A Guide for Online Broker-Dealers,6/7/25,Negative
https://dailyforex.com/comparison/robinhood-vs-etrade,"Robinhood vs E*TRADE - Which is better, Robinhood or E*TRADE? Updated 2025",5/4/25,Neutral
https://bloomberglaw.com/external/document/X1RP679S000000/capital-markets-professional-perspective-payment-for-order-flow-,"Capital Markets, Professional Perspective - Payment For Order Flow & Market Implications",1/1/25,Neutral
https://nasdaq.com/articles/why-zero-commission-investment-platforms-may-not-really-be-free,Why Zero-Commission Investment Platforms May Not Really Be Free,11/15/24,"Neutral, Negative"
https://investopedia.com/terms/p/paymentoforderflow.asp,Payment for Order Flow (PFOF): Definition and How It Works,9/10/24,Neutral
https://marketswiki.com/wiki/Maker-taker,Maker-taker,8/13/24,Negative
https://truewealth.ch/en/blog/payment-for-order-flow-a-controversial-practice,Payment for order flow: a controversial practice in equity trading,7/30/24,"Neutral, Negative"
https://theblock.co/post/68875/not-just-robinhood-brokers-combined-big-traders,Not just Robinhood: These three brokers combined made more than $300 million from big trading firms in Q1,7/6/24,Neutral
https://theblock.co/post/93321/robinhood-payment-for-order-flow-2020,Robinhood made more than $600 million from payment for order flow revenue in 2020,7/5/24,Neutral
https://investopedia.com/articles/active-trading/020515/how-robinhood-makes-money.asp,How Robinhood Makes Money,6/14/24,Neutral
https://papers.ssrn.com/sol3/papers.cfm?abstract_id=3976300,Anatomy of Trading Costs for Retail Investors: Savings from Off-Exchange Execution,6/7/24,Positive
https://failory.com/blog/robinhood-business-model,Robinhood's Business Model: How Do They Make Money?,1/9/24,Neutral
https://brokerage-review.com/investing-firm/make-money/how-etrade-makes-money.aspx,How Does E*TRADE Make Money? (2024),1/1/24,Neutral
https://digitalenterprise.org/models/robinhood,Robinhood Business Model: Overview,7/14/23,Neutral
https://bloomberg.com/professional/insights/trading/letter-wars-secs-proposed-changes-get-thousands-of-pros-cons,"Letter wars: SEC’s proposed changes get thousands of pros, cons",5/31/23,"Negative, Neutral"
https://protocol.com/fintech/citadel-iex-sec-lawsuit,"If you own stocks, you should know about latency arbitrage",2/27/23,Neutral
https://nasdaq.com/articles/an-interns-guide-to-trading-2021-07-01,An Intern’s Guide to Trading,2/27/23,Neutral
https://investmentnews.com/robinhood-launches-self-built-custody-and-clearing-service-76451,Robinhood launches self-built custody and clearing service,2/7/23,"Positive, Neutral"
https://protocol.com/manuals/retail-investing/retail-investing-2021-insights,Five ways to think about retail investing in 2021,2/7/23,Neutral
https://blog.robinhood.com/news/2018/10/12/a-letter-from-robinhood-co-founder-amp-co-ceo-vlad-tenev,A Letter From Robinhood Co-Founder & Co-CEO Vlad Tenev,2/7/23,Positive
https://protocol.com/fintech/payment-for-order-flow-explained,Payment for order flow made Robinhood huge. Now everyone's arguing about it.,2/7/23,Neutral
https://protocol.com/fintech/stock-trading-parkside,Robinhood made stock-trading an app sensation. Parkside Securities wants to take the action global.,2/6/23,Positive
https://investingsimple.com/how-does-webull-make-money,How Does Webull Make Money?,2/6/23,"Neutral, Positive"
https://thecoin.news/articles/robinhoods-shrinking-reliance-payment-order-flow-reflects-growing-role-crypto-revenue-1628020113075,Robinhood's shrinking reliance on payment for order flow reflects the growing role of crypto revenue,2/6/23,Neutral
https://news.bitcoin.com/robinhood-responds-to-accusations-of-favoring-wall-street-over-its-users,Robinhood Responds to Accusations of Favoring Wall Street over Its Users,2/6/23,Neutral
https://protocol.com/newsletters/protocol-fintech/robinhood-florida-lawsuits,Robinhood’s Florida short-squeeze lawsuits raise fresh outrage,2/6/23,Negative
https://futuresmag.com/2020/12/07/retail-brokers-vs-direct-access-brokers-how-do-they-compare,Retail Brokers vs Direct Access Brokers: How Do They Compare,2/6/23,Neutral
https://bettermarkets.org/newsroom/everything-you-need-know-about-gamestop-frenzy-and-key-players-including-robinhood-citadel,"Everything You Need to Know about the GameStop Frenzy and Key Players, including Robinhood, Citadel, Reddit, Roaring Kitty & Rigged Markets",2/6/23,Negative
https://protocol.com/power-index/fintech/consumer-trading-platforms/gfxk8ea6lh9gdxzc-2655253314,The powerful fintech companies shaping consumer trading,2/6/23,Neutral
https://morningstar.com/articles/1030652/robinhood-what-to-know-before-it-goes-public,Robinhood: What to Know Before It Goes Public,2/6/23,"Positive, Negative, Neutral"
https://reuters.com/article/us-public-com-funding/robinhood-rival-public-com-raises-funds-at-1-2-billion-valuation-as-retail-trading-booms-idUSKBN2AH257,Robinhood rival Public.com raises funds at $1.2 billion valuation as retail trading booms,2/6/23,Positive
https://protocol.com/crypto-trading-pfof-robinhood,"Crypto has a payment for order flow problem, too",2/6/23,Negative
https://reuters.com/business/finance/robinhood-makes-most-its-money-pfof-what-is-it-2021-07-29,Explainer: Robinhood makes most of its money from PFOF. What is it?,2/6/23,Negative
https://rbccm.com/en/insights/story.page?dcr=templatedata/article/insights/data/2022/05/should_the_sec_put_a_stop_to_payment_for_order_flow,Should the SEC put a stop to payment for order flow?,2/6/23,Neutral
https://investopedia.com/fidelity-vs-robinhood-4587945,Fidelity vs. Robinhood,1/12/23,Neutral
https://morganlewis.com/blogs/finreg/2022/12/sec-proposes-equity-market-overhaul-and-best-execution-rule,SEC Proposes Equity Market Overhaul and Best Execution Rule,12/14/22,Neutral
https://ft.com/content/8102fc65-0879-4b88-b3c6-097447a61f7d,US markets watchdog plans biggest overhaul of stock trading in nearly 20 years,12/14/22,Neutral
https://sec.gov/newsroom/speeches-statements/crenshaw-equity-market-20221214,Statement on Proposals Related to Equity Market Structure,12/14/22,Positive
https://money2020.com/content/blog/whats-the-secs-beef-with-order-flow,What’s the SEC’s beef with order flow?,9/27/22,Negative
https://public.com/learn/payment-for-order-flow-pfof,Payment for order flow (PFOF) and why it matters to investors,9/2/22,Neutral
https://bettermarkets.org/analysis/fact-sheet-a-real-robin-hood-on-wall-street-democratizing-equity-markets-without-exploitation,Fact Sheet: A Real Robin Hood on Wall Street: Democratizing Equity Markets Without Exploitation,7/29/22,Negative
https://barrons.com/articles/stock-picks-barrons-midyear-roundtable-51657922520,What to Buy Right Now: 42 Picks From Barron’s Roundtable Pros,7/15/22,Neutral
https://webullapp.com/news-detail/51113885,SEC Chair Gensler Could Restrict Payment For Order Flow This Week: What Investors Need To Know,7/6/22,Neutral
https://investmentnews.com/equities/sec-takes-aim-at-payment-for-order-flow/222564,SEC takes aim at payment-for-order flow,6/8/22,Neutral
https://reuters.com/markets/us/sec-eyes-pfof-reforms-stock-market-what-is-pfof-2022-06-08,Explainer: SEC eyes Wall Street reforms. What is 'PFOF'?,6/8/22,Neutral
https://blog.techrides.io/paymentfororderflow,Payment for Order Flow: How Robinhood Makes Money,2/6/22,"Neutral, Negative"
https://prospect.org/power/republicans-want-robinhood-to-keep-ripping-off-day-traders,Republicans Want Robinhood to Keep Ripping Off Day Traders,12/8/21,Negative
https://cbinsights.com/research/report/how-robinhood-makes-money,How Robinhood Makes Money,12/6/21,Neutral
https://financefeeds.com/pfof-citadel-securities-robinhood-model-slammed-by-public,PFOF: Citadel Securities - Robinhood model slammed by Public,12/3/21,Negative
https://axios.com/2021/12/03/payment-for-order-flow-robinhood-investors-mit,"Payment for order flow isn't so bad, analysis finds",12/3/21,Positive
https://axios.com/2021/12/02/a-new-case-against-payment-for-order-flow,A new case against payment for order flow,12/2/21,"Negative, Neutral"
https://barrons.com/amp/articles/payment-for-order-flow-cost-experiment-51638286079,How Much Does Payment for Order Flow Cost You?,11/30/21,Neutral
https://cnbc.com/amp/2021/09/13/robinhoods-chief-legal-officer-says-the-sec-wont-ban-payment-for-order-flow.html,Robinhood's chief legal officer says the SEC won't ban payment for order flow,9/13/21,Positive
https://barrons.com/articles/sec-chief-gary-gensler-stock-market-51630626032,SEC Chief Gary Gensler Says the Stock Market Needs ...,9/3/21,Negative
https://crowdfundinsider.com/2021/08/179139-global-tech-focused-trading-firm-optiver-explains-how-commission-free-trades-are-possible-and-profitable,Global Tech Focused Trading Firm Optiver Explains How Commission-Free Trades Are Possible And Profitable,8/14/21,"Negative, Neutral"
https://foxbusiness.com/markets/robinhood-ipo-twist-business-model,"After Robinhood’s IPO, twist to business model may come",7/28/21,Negative
https://npr.org/2021/07/28/1021904271/exploitative-or-revolutionary-questions-swirl-as-robinhood-makes-wall-street-deb,The Robinhood IPO Is Here. But There Are Doubts About Its Future,7/28/21,Negative
https://ft.com/content/83dff8fc-14ac-4e67-a969-20b358c349e8,Gensler says SEC to review payment for order flow,6/9/21,Neutral
https://medium.datadriveninvestor.com/payment-for-order-flow-business-visualized-dfcbb9cdb964,Payment For Order Flow Business Visualized,5/24/21,Neutral
https://money.com/robinhood-free-trades,Robinhood and Free Trades: What Every Investor Needs to Know,5/20/21,Neutral
https://benzinga.com/fintech/21/05/20971201/top-5-brokers-raked-in-over-1-billion-payment-for-order-flow-during-the-first-quarter-of-2021,Top 5 Brokers Raked In Over $1 Billion Payment For Order Flow During The First Quarter Of 2021,5/6/21,Neutral
https://tokenist.com/robinhood-owes-citadel-43-of-its-q1-2021-revenue,43% of Robinhood’s Q1 2021 Revenue is from Citadel,5/5/21,"Negative, Neutral"
https://claret.ca/publications/how-wealthsimple-robinhood-other-free-online-brokers-make-money,"How Wealthsimple, Robinhood and other “free” online brokers make money",5/5/21,Negative
https://finance.yahoo.com/news/robinhood-makes-331-million-off-200226009.html,Robinhood Makes $331 Million Off Customers’ Trading Activity – Is Warren Buffett Right That It’s Basically a Casino?,5/4/21,"Positive, Negative"
https://bestexresearch.com/insights/let-the-pfof-debate-begin,Let the PFOF Debate Begin,5/4/21,Negative
https://optionstradingiq.com/front-running,What is Front Running And Is It Legal? You Decide,4/12/21,Neutral
https://investopedia.com/robinhood-reportedly-filed-confidentially-for-ipo-5118086,Robinhood Reportedly Filed Confidentially for IPO,3/23/21,Negative
https://robinhood.engineering/demystifying-payment-for-order-flow-119581544210,Demystifying payment for order flow,3/4/21,Positive
https://fmtrust.bank/money-moves-article/investor-alert-robinhood-app-hit-with-hefty-fine-from-federal-regulators,Investor Alert: Robinhood app hit with hefty fine from federal regulators,2/23/21,Negative
https://fintechnews.ch/roboadvisor_onlinewealth/how-free-trading-platform-robinhood-makes-money/42562,How Free Trading Platform Robinhood Makes Money,2/9/21,Neutral
https://ft.com/content/8d6467df-ef27-4f2f-82df-77e8213f5199,Order flow sales/Robinhood: no free lunch,2/5/21,Negative
https://bloomberg.com/opinion/articles/2021-02-05/robinhood-gamestop-saga-pressures-payment-for-order-flow,People Are Worried About Payment for Order Flow,2/5/21,Neutral
https://ft.com/content/6651f34a-0d8d-4d68-bdf9-23b355f8c9db,Wall Street firms paid almost $3bn last year for retail brokers’ trades,2/5/21,Negative
https://markets.businessinsider.com/news/stocks/payment-for-order-flow-robinhood-bill-gurley-trading-app-public-2021-2-1030028631,"Payment for order flow under fire amid Bill Gurley criticism, Public shift",2/1/21,Negative
https://washingtonpost.com/business/2021/01/29/robinhood-citadel-gamestop-reddit,Robinhood and Citadel’s relationship comes into focus as Washington vows to examine stock-market moves,1/29/21,Negative
https://nbcnews.com/business/business-news/sec-charges-investment-app-robinhood-misleading-customers-rcna205,SEC charges investment app Robinhood with misleading customers,12/17/20,Negative
https://cnbc.com/2020/12/17/sec-charges-robinhood-with-misleading-customers-about-how-it-makes-money.html,SEC charges Robinhood with misleading customers about how it makes money,12/17/20,Negative
https://bairdwealth.com/insights/wealth-management-perspectives/2020/09/the-2020-surge-in-retail-trading,The 2020 Surge in Retail Trading,12/16/20,Neutral
https://tradersmagazine.com/am/the-hidden-costs-of-robinhood,The Hidden Costs of Robinhood,9/8/20,Negative
https://finextra.com/newsarticle/36502/robinhood-faces-hefty-sec-fine-for-high-speed-trade-deals,Robinhood faces hefty SEC fine for high-speed trade deals,9/3/20,Negative
https://tradersmagazine.com/xtra/the-incredible-shrinking-market,The Incredible Shrinking Market,8/20/20,Negative
https://qz.com/1878145/why-robinhood-makes-more-money-from-options-than-stocks,Robinhood is making far more money from the options boom than from stocks,7/9/20,Neutral
https://katusaresearch.com/robinhood-trading-exposed-steal-from-the-poor-and-give-to-the-ultra-rich,Robinhood Trading Exposed: Steal from the Poor and Give to the Ultra Rich,6/21/20,Negative
https://robinhood.com/us/en/support/articles/stock-order-routing,"Stock, ETF, and options order routing | Robinhood",9/24/19,Neutral
https://newsroom.aboutrobinhood.com/a-letter-from-robinhood-co-founder-co-ceo-vlad-tenev,A Letter From Robinhood Co-Founder & Co-CEO Vlad Tenev,10/12/18,Positive
https://sec.gov/newsroom/speeches-statements/jackson-unfair-exchange-state-americas-stock-markets,Unfair Exchange: The State of America's Stock Markets,9/19/18,Negative
https://techcrunch.com/2018/09/06/robinhood-ipo,Robinhood aims at IPO as the fintech startup seeks CFO,9/6/18,Positive
https://feedough.com/how-does-robinhood-make-money-robinhood-business-model,How Does Robinhood Make Money? | Robinhood Business Model,7/13/18,Positive
https://repository.law.umich.edu/book_chapters/121,The Regulation of Trading Markets: A Survey and Evaluation,5/17/18,Neutral
https://sec.gov/Archives/edgar/data/1783879/000162828021013318/robinhoods-1.htm,"Robinhood Markets, Inc. S-1 Registration Statement",11/30/17,Neutral
https://ir.lawnet.fordham.edu/jcfl,Journal of Corporate & Financial Law,7/26/16,Negative
https://tradersmagazine.com/am/duty-of-best-execution-and-payment-for-order-flow-a-review-of-recent-civil-litigation,Duty of Best Execution and Payment for Order Flow,,Neutral
https://sifma.org/wp-content/uploads/2024/03/SIFMA-Insights-Equity-Market-Structure-Compendium_as-of-2-26-1.pdf,Equity Market Structure Compendium: 2024 Market Metrics & Looking to 2025 with Our Market Structure Survey,,"Positive, Neutral"
https://ibtimes.com/elegant-solution-pfof-related-perversions-3598789,An Elegant Solution to PFOF and Related Perversions,,"Negative, Positive"
https://bettermarkets.com/sites/default/files/documents/Better_Markets_Reddit_Robinhood_Gamestop_RiggedMarkets_02-01-2021.pdf,"Reddit, Robinhood, GameStop & Rigged Markets: The Key Issues for Investigation",,Negative
https://cnbc.com/2022/09/22/robinhood-jumps-after-report-that-sec-will-not-ban-payment-for-order-flow.html,"Robinhood jumps, then fades after report that SEC will not ban payment for order flow",,Neutral
https://blog.themistrading.com/2012/09/cutting-the-line-and-order-types,Cutting the Line and Order Types,,Negative
https://finra.org/rules-guidance/guidance/reports/2023-finras-examination-and-risk-monitoring-program/disclosure-routing-information,Disclosure of Routing Information,,"Negative, Neutral"
https://mdpi.com/1911-8074/14/11/556,Order Routing Decisions for a Fragmented Market: A Review,,Neutral
https://businessinsider.com/hft-pay-how-much-do-market-makers-pay-traders-engineers-researchers-citadel,"HFT pay revealed: Salaries from Citadel Securities, Jump, HRT and more",,Neutral
https://digitalcommons.wcl.american.edu/cgi/viewcontent.cgi?article=1164&context=aublr,High-Frequency Traders: How the SEC Can Tighten Regulation While Maintaining the Benefits of a Competitive Market,,Neutral
https://papers.ssrn.com/sol3/papers.cfm?abstract_id=2580002,The New Stock Market: Sense and Nonsense,,Neutral
https://academic.oup.com/rfs/article/33/4/1484/5526886,Back-Running: Seeking and Hiding Fundamental Information in Order Flows,,Neutral
https://citadelsecurities.com/wp-content/uploads/sites/2/2022/12/EnhancingCompetitionTransparencyandResiliencyinUSFinancialMarkets.pdf,"Enhancing Competition, Transparency, and Resiliency in U.S. Financial Markets",,Positive
https://federalregister.gov/documents/2023/01/27/2022-27644/regulation-best-execution,Regulation Best Execution,,Neutral
https://cantor.com/sec-rule-606-order-disclosure,SEC Rule 606 Order Disclosure - Cantor,,Neutral
https://businesslawreview.uchicago.edu/sites/default/files/2023-07/Nathanson_v2_493-530.pdf,A Disclosure Gap in the Market for Order Flow,,"Negative, Neutral"
https://barrons.com/amp/articles/sec-chairman-says-banning-payment-for-order-is-on-the-table-51630350595,Gensler: Ban on Payments for Order Flow Is 'On the Table',,"Negative, Neutral"
https://tokenist.com/in-depth-citadel-connect-and-dark-pools-uncovered,In-Depth: Citadel Connect and Dark Pools Uncovered,,"Neutral, Negative"
https://kalzumeus.com/2019/6/26/how-brokerages-make-money,How Discount Brokerages Make Money,,Neutral
https://thetill.substack.com/p/who-who-who-who,"Who, Who, Who, Who?",,"Neutral, Positive"
https://babelfishanalytics.com/news/2021/2/4/meme-stocks-inaccessible-trading-share-trading-cost-and-risk,"Meme Stocks: Inaccessible Trading Share, Trading Cost, and Risk",,Negative
https://investing.com/news/stock-market-news/canada-stock-market-rules-curb-platforms-linked-to-churning-us-stocks-2413867,Canada stock market rules curb platforms linked to churning U.S. stocks,,Neutral
https://businessthink.unsw.edu.au/articles/nasdaq-fee-pilot-study-trading-behaviour-analysis,How NASDAQ's fee pilot redefined trading behaviour,,Neutral
https://marketsmedia.com/cboe-unveils-market-maker-incentive-program,Cboe Unveils Market Maker Incentive Program,,Positive
https://euronext.com/en/news/rise-retail-new-investment-tactics-and-execution-quality,The rise of retail: new investment tactics and execution quality,,Negative
https://investing.com/news/stock-market-news/highfrequency-traders-love-business-with-robinhood-2268399,High-Frequency Traders Love Business With Robinhood,,Neutral
https://stillnessinthestorm.com/2021/02/15/exposing-the-robinhood-scam-heres-how-much-citadel-paid-to-robinhood-to-buy-your-orders/15/47/43/117879/consciousness/stillness-in-the-storm,Exposing The Robinhood Scam: Here’s How Much Citadel Paid To Robinhood To Buy Your Orders,,Negative
https://blog.themistrading.com/2021/09/market-makers-lose-at-their-own-game,Market Makers Lose at Their Own Game,,Negative
https://centerpointsecurities.com/payment-for-order-flow-guide,Payment for Order Flow - The Complete Guide,,"Positive, Negative"
https://sec.gov/newsroom/speeches-statements/gensler-remarks-piper-sandler-global-exchange-conference-060822,Market Structure and the Retail Investor: Remarks Before the Piper Sandler Global Exchange Conference,,Neutral
https://edition.cnn.com/2022/12/15/investing/sec-payment-for-order-flow,Massive changes could be coming to the way the stock market functions,,"Positive, Negative"
https://slate.com/business/2022/09/robinhood-payment-order-flow-securities-exchange-commission.html,There’s Officially No Going Back From the World Robinhood Built,,Neutral
https://barrons.com/articles/payment-for-order-flow-cost-experiment-51638286079,How Much Does Payment for Order Flow Cost You?,,Neutral
https://laweconcenter.law.harvard.edu/wp-content/uploads/2024/11/331.pdf,U.S. Secondary Stock Markets: A Survey of Current Regulatory and Structural Issues and a Reform Proposal to Enhance Competition,,"Negative, Neutral"
https://nber.org/system/files/working_papers/w29883/revisions/w29883.rev0.pdf,Payment for Order Flow and Asset Choice,,Negative
https://cnbc.com/2021/09/23/investors-await-sec-chair-genslers-report-on-gamestop-and-how-brokerages-get-paid.html,Investors brace for SEC Chair Gensler’s report on GameStop and how brokerages get paid,,Neutral
https://sec.gov/newsroom/speeches-statements/gensler-volume-based-rebates-fees-101823,Statement on Exchanges’ Volume-Based Rebates and Fees,,Neutral
https://dash.harvard.edu/bitstreams/a9643938-23c2-4b01-a6a2-6dcca656100e/download,An Analysis of Payment for Order Flow in American Financial Markets,,Negative
https://wallstreetonparade.com/2021/02/citadel-is-paying-for-order-flow-from-nine-online-brokerage-firms-not-just-robinhood,Citadel Is Paying for Order Flow from Nine Online Brokerage Firms – Not Just Robinhood,,Negative
https://reuters.com/article/stocks-regulations-fees-idUSL2N17N2C8,U.S. SEC panel proposes stock exchange fee-cutting experiment,,Neutral
https://reuters.com/article/idUSTRE6BG2H320101217?feedType=RSS&feedName=topNews,"Special Report: For Wall Street, dumb money pays",,"Neutral, Negative"
https://marketrealist.com/p/does-citadel-own-robinhood,Does Citadel Own Robinhood? Market Maker-Online Broker Link Explained,,Neutral
https://capital-markets.law.columbia.edu/sites/default/files/content/docs/rauterberg-_mahoney-_final_draft.pdf,The Regulation of Trading Markets: A Survey and Evaluation,,Neutral
https://sciencedirect.com/science/article/abs/pii/S0378426624001432,How free is free? Retail trading costs with zero commissions,,Positive
https://camrongodbout.medium.com/payment-for-order-flow-and-why-buying-gme-is-still-helping-wall-street-769a3fe0451f?source=user_profile---------4----------------------------,Payment for Order Flow and Why Buying $GME is Still Helping Wall Street,,Neutral
https://fi-desk.com/can-retail-order-flow-impact-institutional-trading,Can retail order flow impact institutional trading?,,Neutral
https://cnbc.com/2021/10/18/sec-says-brokers-enticed-by-payment-for-order-flow-are-making-trading-into-a-game-to-lure-investors.html,SEC says brokers enticed by payment for order flow are making trading into a game to lure investors,,Neutral
https://greenwich.com/equities/buy-side%E2%80%99s-take-equity-market-structure-2022,The Buy Side’s Take on Equity Market Structure: 2022,,Neutral
https://onlinelibrary.wiley.com/doi/10.1111/jacf.12061,"Pick Your Poison — Fragmentation or Market Power? An Analysis of Regnms, High Frequency Trading, and Securities Market Structure",,"Positive, Neutral"
https://onlinelibrary.wiley.com/doi/10.1111/0022-1082.00098,Payments for Order Flow on Nasdaq,,Neutral
https://reuters.com/article/us-usa-brokers-fees-idUSKBN1WN1UD,U.S. online brokers still profiting from 'dumb money',,"Neutral, Negative"
https://marketswiki.com/wiki/index.php?title=Order_routing&oldid=227707,Order routing,,Neutral
https://thetradenews.com/no-evidence-that-pfof-harms-price-execution-finds-new-research,"No evidence that PFOF harms price execution, finds new research",,"Neutral, Positive"
https://memx.com/insights/key-trading-trends-that-defined-another-banner-year-in-the-markets,Key trading trends that defined another banner year in the markets,,Positive
https://sec.gov/rules/proposed/34-50870.htm,SECURITIES AND EXCHANGE COMMISSION,,Neutral
https://reuters.com/business/retail-consumer/canada-stock-market-rules-curb-platforms-linked-churning-us-stocks-2021-02-09,Canada stock market rules curb platforms linked to churning U.S. stocks,,Neutral
https://marketwatch.com/amp/story/the-sec-could-cripple-robinhoods-business-model-by-enforcing-existing-rules-experts-say-11612377651,"The SEC could cripple Robinhood’s business model by enforcing existing rules, experts say",,"Negative, Neutral"
https://nbcnews.com/business/personal-finance/trading-hot-stocks-gamestop-seems-fun-until-you-look-beneath-n1258147,Trading hot stocks like GameStop is fun till you look under the surface,,"Negative, Neutral"
https://federalregister.gov/documents/1994/11/02/94-27108/internalizedaffiliate-practices-payment-for-order-flow-and-order-routing-practices,"Internalized/Affiliate Practices, Payment for Order Flow and Order Routing Practices",,Neutral
https://bankeronwheels.com/pfof-and-quote-driven-venues,Commission-Free Brokers: Are You Trading Or Being Traded?,,Negative
https://businessinsider.com/personal-finance/which-investing-apps-receive-payment-for-order-flow,How to find out if your investing app sells your trades to make a profit,,Neutral
https://moneyqanda.com/payment-for-order-flow,What Is Payment for Order Flow and Why Investors Should Care About It,,Neutral
https://sciencedirect.com/science/article/abs/pii/S0304405X2400059X,"Tiny trades, big questions: Fractional shares",,Neutral
https://finance.yahoo.com/news/gensler-zeroes-in-on-citadel-securities-as-sec-considers-payment-for-order-flow-ban-191715790.html,Gensler zeroes in on Citadel Securities as SEC considers payment for order flow ban,,Neutral
https://investopedia.com/terms/b/bestexecution.asp,"Best Execution Rule: What it is, Requirements and FAQ",,"Neutral, Negative"
https://bestexresearch.com,BestEx Research,,Neutral
https://fidelity.com/trading/execution-quality/overview,Commitment to Execution Quality | Trading with Fidelity,,Positive
https://sec.gov/news/speech/gensler-remarks-piper-sandler-global-exchange-conference-060822,Market Structure and the Retail Investor: Remarks Before the Piper Sandler Global Exchange Conference,,Neutral
https://cnbc.com/amp/2023/12/01/robinhood-ceo-says-payment-for-order-flow-is-here-to-stay.html,"Robinhood CEO defends payment for order flow, says practice is 'here to stay'",,"Neutral, Positive"
https://wifpr.wharton.upenn.edu/wp-content/uploads/2023/10/Payment-for-Order-Flow.pdf,Payment for Order Flow and the Retail Trading Experience,,"Neutral, Negative"
https://papers.ssrn.com/sol3/papers.cfm?abstract_id=273730,"The Relationship Among Market-Making Revenue, Payment for Order Flow, and Trading Costs for Market Orders",,Neutral
https://pm-research.com/content/iijtrade/6/1/32,Does Smart Routing Matter?,,"Positive, Negative"
https://globaltrading.net/citadel-securities-paid-us943m-for-retail-us-equity-options-order-flow-in-nine-months,"Citadel Securities paid US$943m for retail US equity, options order flow in nine months",,Neutral
https://investopedia.com/investing/free-stock-trading-whats-catch,Is There a Catch to Free Stock Trading?,,Neutral
https://waterstechnology.com/regulation/7951672/blood-sweat-and-tiers-how-the-secs-exchange-rebates-proposal-could-reshape-us-equities-markets,"Blood, sweat, and tiers: how the SEC’s exchange rebates proposal could reshape US equities markets",,Neutral
https://papers.ssrn.com/sol3/papers.cfm?abstract_id=4189658,Price Improvement and Payment for Order Flow: Evidence from A Randomized Controlled Trial,,Neutral
https://jpmorgan.com/wealth-management/wealth-partners/legal/orderrouting,Order Routing Practices,,Neutral
https://sifma.org/resources/research/equity-market-structure-primer,US Equity Market Structure Primer - SIFMA,,Positive
https://investopedia.com/articles/active-trading/042414/what-makertaker-fees-mean-you.asp,What Maker-Taker Fees Mean for You,,Neutral
"https://microstructure.exchange/papers/Schwartz_et_al_,_2022_WP,_The_%27Actual_Retail_Price%27_of_Equity_Trades.pdf",The “Actual Retail Price” of Equity Trades,,"Neutral, Negative"
https://news.bloomberglaw.com/banking-law/matt-levines-money-stuff-some-brokers-are-cheaper-than-others,Matt Levine’s Money Stuff: Some Brokers Are Cheaper Than Others,,Neutral
https://federalregister.gov/documents/2023/08/08/2023-16886/self-regulatory-organizations-financial-industry-regulatory-authority-inc-order-approving-a-proposed,"Self-Regulatory Organizations; Financial Industry Regulatory Authority, Inc.; Order Approving a Proposed Rule Change To Adopt FINRA Rules 6151 and 6470",,Neutral
https://papers.ssrn.com/sol3/papers.cfm?abstract_id=4300505,Would Order-by-Order Auctions Be Competitive?,,Neutral
https://newsroom.aboutrobinhood.com/demystifying-payment-for-order-flow,Demystifying payment for order flow,,Positive
https://barrons.com/articles/exclusive-who-makes-money-on-your-stock-trades-1425103695,Exclusive: Who Makes Money on Your Stock Trades,,Positive
https://writings.flashbots.net/illuminate-the-order-flow,Illuminating Ethereum's Order Flow Landscape,,"Positive, Negative"
https://finra.org/rules-guidance/guidance/reports/2024-finra-annual-regulatory-oversight-report/disclosure-routing-information,Disclosure of Routing Information,,Negative
https://wifpr.wharton.upenn.edu/wp-content/uploads/2023/09/Payment-for-Order-Flow-final.pdf,Payment for Order Flow and the Retail Trading Experience,,"Negative, Neutral"
https://sciencedirect.com/science/article/pii/S138641810000015X,"A simple model of payment for order flow, internalization, and total trading cost",,Neutral
https://papers.ssrn.com/sol3/papers.cfm?abstract_id=3966059,Internalized Retail Order Imbalances and Institutional Liquidity Demand,,Neutral
https://sec.gov/rules-regulations/2022/12/order-competition-rule,Order Competition Rule,,Neutral
https://onlinelibrary.wiley.com/doi/10.1111/jofi.13285,Retail Trading in Options and the Rise of the Big Three Wholesalers,,"Neutral, Negative"
https://papers.ssrn.com/sol3/papers.cfm?abstract_id=4304124,Wholesaler Execution Quality,,Positive
https://blog.themistrading.com/2014/06/raw-clay-what-happens-if-payment-for-order-flow-dies,Raw Clay: What Happens If Payment For Order Flow Dies?,,"Positive, Negative"
https://frontmonth.substack.com/p/options-market-structure-101-b18,Options Market Structure 101,,Neutral
https://optiver.com/insights/the-us-equity-options-market-is-overdue-for-an-update,The US equity options market is overdue for an update - Optiver,,Neutral
https://openscholarship.wustl.edu/cgi/viewcontent.cgi?article=1310&context=law_scholarship,Payment for Order Flow and the Great Missed Opportunity,,"Neutral, Negative"
https://news.bloomberglaw.com/securities-law/sec-set-to-let-wall-street-keep-payment-for-order-flow-deals-1,SEC Set to Let Wall Street Keep Payment-for-Order-Flow Deals,,Neutral
https://bookmap.com/knowledgebase/docs/KB-Bookmap-Wiki-Market-Mechanics,Market Mechanics · Bookmap Knowledge Base,,Neutral
https://sifma.org/explore-issues/equity-market-structure,Equity Market Structure - SIFMA,,Neutral
https://reuters.com/legal/government/column-td-ameritrade-customers-cant-sue-class-over-order-flow-us-appeals-court-2024-09-04,"TD Ameritrade customers can’t sue as a class over ‘order flow,’ US appeals court says",,Neutral
https://seekingalpha.com/article/4205379-robinhood-is-making-millions-selling-out-millennial-customers-to-high-frequency-traders,Robinhood Is Making Millions Selling Out Millennial Customers to High-Frequency Traders,,Negative
https://bsic.it/how-payment-for-order-flow-is-impacting-markets-the-robinhood-and-citadel-case,How Payment For Order Flow is impacting markets: The Robinhood and Citadel Case,,"Neutral, Negative"
https://finra.org/rules-guidance/guidance/reports/2025-finra-annual-regulatory-oversight-report/best-execution,Customer Order Handling: Best Execution and Order Routing Disclosures,,"Negative, Neutral"
https://alphacution.com/robinhood-and-payments-for-order-flow,Robinhood and Payments for Order Flow,,Neutral
https://investor.gov/introduction-investing/investing-basics/how-stock-markets-work/executing-order,Executing an Order,,Neutral
https://tradersmagazine.com/departments/people/tabb-group-ceo-writes-levin-disagrees-on-ban-of-payment-for-order-flow,"TABB Group CEO Writes Levin, Disagrees on Ban of Payment for Order Flow",,"Neutral, Positive"
https://sec.gov/news/statement/crenshaw-statement-volume-based-rebates-and-fees-101823,Statement on Volume-Based Exchange Transaction Pricing for NMS Stocks,,Neutral
https://bloomberg.com/opinion/articles/2023-12-07/online-options-trading-is-rigged-against-small-investors,Options Trading Is Rigged Against Average Investors,,"Negative, Neutral"
https://lexology.com/library/detail.aspx?g=863806a4-7ec4-4d3e-a5f6-b760b08009f4,Electronic Trading Firms and Payment for Order Flows,,Neutral
https://sifma.org/resources/news/qa-u-s-equity-market-structure,Q&A: US Equity Market Structure - SIFMA,,Neutral
https://bclawreview.bc.edu/articles/3061,Deceiving the Young to Give to Themselves: Eliminating Payment for Order Flow to Ensure Loyal Agents,,Negative
https://davispolk.com/insights/client-update/going-once-going-twice-sec-proposes-package-equity-market-structure,"Going once, going twice: SEC proposes package of equity market structure proposals",,Neutral
https://moneywise.com/investing/payment-for-order-flow,What is payment for order flow and why is it so controversial?,,"Neutral, Negative"
https://economist.com/finance-and-economics/2021/02/06/high-frequency-traders-are-in-the-spotlight,High-frequency traders are in the spotlight,,Neutral
https://cheddarflow.com/blog/payment-for-order-flow,Payment For Order Flow,,Neutral
https://brokerchooser.com/education/news/data-dashboard/payment-for-order-flow,Payment for order flow and market makers - Research by BrokerChooser,,Neutral
https://marketwatch.com/story/commission-free-stock-market-trading-on-some-platforms-may-be-raising-costs-and-volatility-for-all-of-us-11645017928,Commission-free stock-market trading on some platforms may be raising costs and volatility for all of us,,Negative
https://nber.org/system/files/working_papers/w29883/w29883.pdf,Payment for Order Flow and Asset Choice,,Neutral
https://sifma.org/resources/news/blog/qa-u-s-equity-market-structure,Q&A: US Equity Market Structure,,Neutral
https://sec.gov/rules-regulations/staff-guidance/trading-markets-frequently-asked-questions/faq-rule-606-regulation,Responses to Frequently Asked Questions Concerning Rule 606 of Regulation NMS,,Neutral
https://nanex.net/aqck2/What-Every-Retail-Investor-Needs-to-Know.pdf,What Every Retail Investor Needs to Know,,Neutral
https://bclawreview.bc.edu/articles/3061/files/6425deca63493.pdf,Deceiving the Young to Give to Themselves: Eliminating Payment for Order Flow to Ensure Loyal Agents,,Negative
https://washingtonpost.com/business/why-payment-for-order-flow-made-trades-free-but-left-sec-skeptical/2022/09/23/edc91bc2-3b68-11ed-b8af-0a04e5dc3db6_story.html,Why Payment for Order Flow Made Trades Free But Left SEC Skeptical,,Neutral
https://sec.gov/files/dera_wp_payment-order-flow-2501.pdf,How does Payment for Order Flow Influence Markets?,,Neutral
https://fool.com/terms/p/payment-for-order-flow,What Is Payment for Order Flow (PFOF)?,,Neutral
https://bettermarkets.org/analysis/sec-market-structure-reforms,SEC Market Structure Reforms,,Positive
https://acadian-asset.com/investment-insights/equities/conflicts-of-interest-in-us-equity-order-routing,Conflicts of Interest in U.S. Equity Order Routing: Hidden Costs to Asset Owners,,Negative
https://bestexresearch.com/research/the-good-the-bad-the-ugly-of-payment-for-order-flow,BestEx Research,,Neutral
https://ft.com/content/696a15e0-64f1-4800-af79-4d0a882df5b2,SEC needs to find a way to curb payment for order flow,,Negative
https://sec.gov/newsroom/speeches-statements/office-hours-gary-gensler-dark-pools-payment-order-flow-market-structure,"Office Hours with Gary Gensler: Dark Pools, Payment for Order Flow & Market Structure",,Negative
https://tastylive.com/shows/the-skinny-on-options-abstract-applications/episodes/payment-for-order-flow-a-good-thing-01-09-2023,Payment For Order Flow A Good Thing,,Positive
https://fortune.com/2021/07/29/robinhood-ipo-hat-is-payment-for-order-flow-regulation,Payment for order flow: What it is and why it matters,,Neutral
https://optiver.com/insights/the-pfof-you-didnt-know-existed-exchange-marketing-response-fees,The PFOF you didn't know existed: Exchange Marketing & Response Fees,,Negative
https://bloomberg.com/opinion/articles/2021-12-08/what-does-payment-for-order-flow-buy,What Does Payment for Order Flow Buy?,,Neutral
https://realinvestmentadvice.com/payment-for-order-flow-the-secs-plan-to-end-it,Payment For Order Flow & The SEC’s Plan To End It,,Negative
https://investorjunkie.com/investing/payment-for-order-flow,What Is Payment For Order Flow and Why is it so Controversial?,,Neutral
https://papers.ssrn.com/sol3/papers.cfm?abstract_id=224943,The Allocation of Investors' Orders and Inefficient Market Competition: A Proposal,,Neutral
https://warriortrading.com/payment-for-order-flow,A Primer on Payment for Order Flow: Brokers Selling Orders to HFTs,,Neutral
https://en.wikipedia.org/wiki/Payment_for_order_flow,Payment for order flow,,Neutral
https://businesslawreview.uchicago.edu/print-archive/disclosure-gap-market-order-flow,A Disclosure Gap in the Market for Order Flow,,Negative
https://stockbrokers.com/guides/order-execution,Best Brokers for Order Execution 2023,,Positive