filename,url,date,sentiment,companies_mentioned,persons_mentioned,value_chains,text_length,total_chunks
row_003_globaltrading_net_extracted,https://globaltrading.net/robinhood-schwab-led-us461m-retail-order-flow-payment-bonanza-in-may,8/8/25,Neutral,"Fidelity, Citadel Securities, YoY, IMC, Virtu, Wolverine, Hudson River Trading, Morgan Stanley, Robinhood","Schwab, Susquehanna, Wolverine, Jane Street, Volumes",trade,5843,1
row_136_marketrealist_com_extracted,https://marketrealist.com/p/does-citadel-own-robinhood,,Neutral,"Citadel, Robinhood, Citadel Securities, Robinhood Securities, Citadel Execution Services, the National Best Bid and, Fox Business","Elizabeth Warren, Citadel Securities, Vladimir Tenev, Baiju Bhatt, Bhatt","invest, trade",2689,1
row_019_protocol_com_extracted,https://protocol.com/fintech/citadel-iex-sec-lawsuit,2/27/23,Neutral,,,,98,1
row_099_cnbc_com_extracted,https://cnbc.com/2022/09/22/robinhood-jumps-after-report-that-sec-will-not-ban-payment-for-order-flow.html,,Neutral,"NBCUniversal’s Privacy Policy, Manage Preferences",LEFT,,1255,1
row_145_reuters_com_extracted,https://reuters.com/article/us-usa-brokers-fees-idUSKBN1WN1UD,,"Neutral, Negative",,,,40,1
row_171_jpmorgan_com_extracted,https://jpmorgan.com/wealth-management/wealth-partners/legal/orderrouting,,Neutral,"the Securities and Exchange Commission, SEC, J.P. Morgan Securities, LLC, Firm, JP Morgan",,trade,3382,1
row_058_crowdfundinsider_com_extracted,https://crowdfundinsider.com/2021/08/179139-global-tech-focused-trading-firm-optiver-explains-how-commission-free-trades-are-possible-and-profitable,8/14/21,"Negative, Neutral","the US Securities and Exchange Commission, SEC, The Regulation National Market System, PIM",,trade,5915,1
row_079_nbcnews_com_extracted,https://nbcnews.com/business/business-news/sec-charges-investment-app-robinhood-misleading-customers-rcna205,12/17/20,Negative,"The Securities and Exchange Commission, SEC, FAQ, the SEC’s Enforcement Division, Citadel Securities or Virtu, Robinhood, CNBC","Stephanie Avakian, Dan Gallagher",trade,3668,1
row_031_bettermarkets_org_extracted,https://bettermarkets.org/newsroom/everything-you-need-know-about-gamestop-frenzy-and-key-players-including-robinhood-citadel,2/6/23,Negative,"House Financial Service Committee, Retail Investors Collide, Better Markets’ Dennis Kelleher, Better Markets, SEC, Melvin Capital Management, Better Markets Dennis, the House Financial Services Committee’s, Bed Bath & Beyond, Hill, GameStop, Short Version and Long Version
CAT, KEY, the House Financial Services Committee, House Financial Services Committee on Key Issues, House Committee on Financial Services, Treasury, AOC","Maxine Waters, Chairwoman Waters, Kelleher, Gary Gensler, Citadel, Dennis Kelleher’s, Janet Yellen, Chair Maxine Waters, Jim Himes, Ritchie Torres, Al Green, Cindy Axne, Rashida Tlaib, Jesus “Chuy” Garcia",trade,5046,1
row_015_failory_com_extracted,https://failory.com/blog/robinhood-business-model,1/9/24,Neutral,"Robinhood, Android, ETF, Stanford University, Andreessen & Horowitz, COVID-19, AMC, the Securities and Exchange Commission, SEC, the Financial Industry Regulatory Authority, FINRA, IPO, NASDAQ Level II Market Data","Vladimir Tenev, Baiju Bhatt, Bhatt, Tim Draper of Index Ventures, Marc Andreessen, Morningstar","invest, trade",5569,1
row_120_investing_com_extracted,https://investing.com/news/stock-market-news/highfrequency-traders-love-business-with-robinhood-2268399,,Neutral,,,,179,1
row_105_papers_ssrn_com_extracted,https://papers.ssrn.com/sol3/papers.cfm?abstract_id=2580002,,Neutral,"NASDAQ, NYSE",Michael Lewis’s,trade,2211,1
row_035_protocol_com_extracted,https://protocol.com/crypto-trading-pfof-robinhood,2/6/23,Negative,,,,98,1
row_095_tradersmagazine_com_extracted,https://tradersmagazine.com/am/duty-of-best-execution-and-payment-for-order-flow-a-review-of-recent-civil-litigation,,Neutral,"SEC, FINRA, NBBO, Ford, the National Best Bid, Court, FAQ",Offer,trade,9595,2
row_213_nber_org_extracted,https://nber.org/system/files/working_papers/w29883/w29883.pdf,,Neutral,,,,40,1
row_215_sec_gov_extracted,https://sec.gov/rules-regulations/staff-guidance/trading-markets-frequently-asked-questions/faq-rule-606-regulation,,Neutral,"the Division of Trading and Markets, Commission, Division of Trading and Markets, Securities and Exchange Commission, NMS, the Adopting Release, Broker-Dealer A, Broker-Dealer B, Broker-Dealer B. Is Broker-Dealer, Broker-Dealer, Broker-Dealer C, Broker-Dealer A. Is Broker-Dealer, Broker-Dealer A’s, Exchange, Broker-Dealer B.
Question, Broker-Dealer A and Broker-Dealer B, Broker-Dealer B’s, Broker-Dealer A’s Rule 606(b)(3, EV, SRV, PRV, MIC, Broker-Dealer A., PDF, ATS, Broker-Dealer A row, Broker-Dealers B, Broker-Dealers B, C, Broker-Dealers B and C, Broker-Dealer D, Broker-Dealer C’s, Broker-Dealer B’s ATS, Broker-Dealer B., NBBO, Broker-Dealers, Broker-Dealer’s, IOI, Broker-Dealer A.
Question, Broker-Dealer B. Broker-Dealer B’s","Theodore S. Venuti, Order Handling, Therefore Broker-Dealer, D. Broker-Dealer",trade,57546,10
row_044_bettermarkets_org_extracted,https://bettermarkets.org/analysis/fact-sheet-a-real-robin-hood-on-wall-street-democratizing-equity-markets-without-exploitation,7/29/22,Negative,"Better Markets, the Western New England Law Review, Hedge Funds, meme, Blackberry, AMC, the Wall Streeters, Melvin Capital, SEC, Robinhood, NYSE, HFT, HBO, Wall Street Journal Story, the New York Times, Navy, Atlanta Braves, Braves","Gamification, Citadel, Robin Hood, Bernie Madoff, Fuels Gamification, Harm Retail Users, COVID, Alex Kearns","invest, trade",13808,3
row_012_theblock_co_extracted,https://theblock.co/post/93321/robinhood-payment-for-order-flow-2020,7/5/24,Neutral,SQL,,,344,1
row_101_finra_org_extracted,https://finra.org/rules-guidance/guidance/reports/2023-finras-examination-and-risk-monitoring-program/disclosure-routing-information,,"Negative, Neutral","NMS, SEC, PDF, XML, • Inaccurate, the “Net Payment Paid/Received, Market Orders, Non-Marketable Limit Orders, • Incomplete Disclosures, Material Aspects, • Deficient Communications, Order Routing Information, • Supervision: Conducting, Regulation NMS",,trade,7727,2
row_201_tradersmagazine_com_extracted,https://tradersmagazine.com/departments/people/tabb-group-ceo-writes-levin-disagrees-on-ban-of-payment-for-order-flow,,"Neutral, Positive","sec, TABB Group, Tabb, the Permanent Subcommittee on Investigations, SEC, NBBO, the quoting party","Levin, Order Flow, Larry Tabb, Carl Levin, Mary Jo White, Tabb, Chair White",trade,12177,3
row_056_cnbc_com_extracted,https://cnbc.com/amp/2021/09/13/robinhoods-chief-legal-officer-says-the-sec-wont-ban-payment-for-order-flow.html,9/13/21,Positive,"SEC, Barron's, Gensler, GameStop, the House Financial Services Committee, Citadel Securities, CNBC","Gallagher, Gary Gensler, Vlad Tenev",trade,1751,1
row_181_finra_org_extracted,https://finra.org/rules-guidance/guidance/reports/2024-finra-annual-regulatory-oversight-report/disclosure-routing-information,,Negative,"NMS, SEC, FINRA Rules 6151, NMS Securities, Equity Securities, FINRA, PDF, XML, • Inaccurate, the “Net Payment Paid/Received, Market Orders, Non-Marketable Limit Orders, • Incomplete Disclosures, Material Aspects, • Deficient Communications, Order Routing Information, • Supervision: Conducting, Regulation NMS, SLB 13A",,trade,8684,2
row_108_federalregister_gov_extracted,https://federalregister.gov/documents/2023/01/27/2022-27644/regulation-best-execution,,Neutral,"Commission, MSRB Best Execution Rules
III, Procedures and Documentation, NMS Stock Market Conflicts of Interest, Broker-Dealer Order Handling, Capital Formation, Objectives, MSRB Rule G-18 Concerning Best Execution, MSRB Rules, The Financial Industry Regulatory Authority, Inc., the Municipal Securities Rulemaking Board, FINRA, MSRB, Regulation Best Execution, the Order Protection Rule, the Risk Management Controls for Brokers or Dealers with Market Access Rule, Regulation Systems Compliance and Integrity, Federal, Congress, MSRB Best Execution Rules
FINRA, SRO, NASD, MSRB Rule G-18, NMS, NBBO, MSRB Rule G-48, QIB, FINRA Rule 2121, RFQ, MSRB Rule G-48(e, FINRA Rule 4512(c, MSRB Rule D-15, MSRB Rule D-15(a, SMMPs, MSRB Rule G-28, ATS, FINRA's Trade Reporting and Compliance Engine, TRACE, CFR, MSRB Rule G-18(a, Regulation Best Interest, NMS Stock Market Conflicts of Interest
Broker, MSRB Rule G-18.08, non-NMS, Regulation Best, Rule 1101(d)(2, MSRB Rule, • Policies, • Documentation, Facility, the Best Execution Rule, Federal court, Federal district court under, Federal district court, th[e, Sections, FINRA Rule 5310.09(a, MSRB Rule G-18.08(b, TCA, NMS Stocks, NMS Stock, the MDI Rules, the Commission in Regulation NMS, the MDI Adopting Release, the Proposed Fee Amendment, CAT, Table 4, S&P500, Wholesalers, Midpoint, WH, Subpenny Prices, ETF, WH Realized Spread, NMS Stock ATS, the Options Clearing Corporation, OCC, OPRA, Cboe, Nasdaq, The Nasdaq Option Exchange, the Consolidated Audit Trail, national securities exchange, Commissions, WH Conditional Amount Price, Commission CAT, the Broker-Dealer Average Price, U.S. Treasury, Additional Commission, Panel B, interdealer, the Treasury Department, Treasury, the Federal Reserve Board, Agency, Households, API, internal inventory and/or, OWIC, RFQ/OWIC, SEC, Non-NMS, FOCUS, Capital Formation
The Commission, SIP, the FINRA Regular and Rigorous Review of Execution Quality, FINRA Rule 5310.09(c, FINRA/MSRB, GUI, FINRA Rule 5310(c, CFA Institute, the Financial Services Authority, FSA, the Economic Analysis, PRA, the Office of Management and Budget, Brokers and Dealers, FOCUS Report, C. Confidentiality of Responses to Collection of Information, • Evaluate, • Determine, the Office of Management and Budget, Attention: Desk Officer, the Securities and Exchange Commission, Office of Information and Regulatory Affairs, Securities and Exchange Commission, File Number S7-32-22, Office of FOIA/PA Services, the Small Business Regulatory Enforcement Fairness Act, SBREFA, RFA, D. Projected Compliance Requirements, VI, FINRA Rule 5310, MSRB Rules
The Commission, Statutory Authority, 80a-20, 80a-37, sec, AC","C. FINRA, Require Order-by-, A. Reasons, enforce broker, FINRA Rule 4512(c, Rules 605, FINRA Rule, Rule, FINRA Rule 5310.09, FINRA Rule 5310.09(c, markup, FINRA Rule 3130(c, FINRA Rule 5310(a, FINRA Rule 5310, FINRA Rule 5310.03, Reviews, Rule G-18, FINRA Rule 5310.02, FINRA Regulatory Notice, Principal Transactions, Pub, SBSR","invest, trade",546699,92
row_026_investingsimple_com_extracted,https://investingsimple.com/how-does-webull-make-money,2/6/23,"Neutral, Positive","Robinhood, NYSE, NASDAQ, Real Estate Investment Trusts, Bitcoin, Ethereum, Coinbase","Bitcoin, Coinbase","invest, trade",10115,2
row_046_webullapp_com_extracted,https://webullapp.com/news-detail/51113885,7/6/22,Neutral,"SEC, NYSE, GME, AMC Entertainment Holdings Inc, AMC, Robinhood Markets Inc, U.S. Securities and Exchange Commission, the Piper Sandler Global Exchange, Gensler, the Wall Street Journal, Charles Schwab Corporation, Citadel Securities and Virtu Financial Inc, Robinhood, Citadel Securities","Gary Gensler, Benzinga, Dennis Dick",trade,3094,1
row_112_tokenist_com_extracted,https://tokenist.com/in-depth-citadel-connect-and-dark-pools-uncovered,,"Neutral, Negative","Citadel Securities, Senate Banking Committee, Designated Market Maker, DMM, NYSE, Citadel Securities LLC, SEC, Gensler, jargon, the National Best Bid and, NBBO, the Regulation NMS (, NMS, LLC, UBS Securities, ITG, AlterNet Securities, Barkley Capital, Credit Suisse, Citigroup, FINRA, Reuters, Apogee","Citadel Connect, Gary Gensler, Offer","invest, trade",6575,2
row_085_qz_com_extracted,https://qz.com/1878145/why-robinhood-makes-more-money-from-options-than-stocks,7/9/20,Neutral,"TD Ameritrade, Georgetown University, NBBO, the University of Notre Dame","Charles Schwab, Piper Sandler, James Angel, Angel, Robert Battalio, Brokerages, Kantar",trade,3764,1
row_063_money_com_extracted,https://money.com/robinhood-free-trades,5/20/21,Neutral,"Robinhood, Fidelity, Georgetown University, the Financial Industry Regulatory Authority, SEC, The Wall Street Journal, Crane Data, APY, Wealthfront","Charles Schwab, James Angel, Angel","invest, trade",6190,2
row_060_npr_org_extracted,https://npr.org/2021/07/28/1021904271/exploitative-or-revolutionary-questions-swirl-as-robinhood-makes-wall-street-deb,7/28/21,Negative,"Nasdaq, IPO, Discord, Robinhood, Citadel Securities, Securities and Exchange Commission, MIT, SEC, the Financial Industry Regulatory Authority, State, Gamestop, meme stock, Barstool Sports","Jacob Frueh, Frueh, Gary Gensler, Sinan Aral, Baiju Bhatt, William Galvin, Galvin",trade,5563,1
row_009_marketswiki_com_extracted,https://marketswiki.com/wiki/Maker-taker,8/13/24,Negative,,,,40,1
row_229_bloomberg_com_extracted,https://bloomberg.com/opinion/articles/2021-12-08/what-does-payment-for-order-flow-buy,,Neutral,,,,115,1
row_021_investmentnews_com_extracted,https://investmentnews.com/robinhood-launches-self-built-custody-and-clearing-service-76451,2/7/23,"Positive, Neutral","Clearing by Robinhood, the Financial Industry Regulatory Authority Inc., Depository Trust & Clearing Corp., the Options Clearing Corp. Robinhood, TD Ameritrade, Nexus, Apex, Vanguard, Wealthfront, TD","Christine Hall, Hall, Tim Welsh, Wealthfront, Bill Capuzzi, Vlad Tenev, Baiju Bhatt, Capuzzi, Welsh, Schwab","invest, trade",4496,1
row_020_nasdaq_com_extracted,https://nasdaq.com/articles/an-interns-guide-to-trading-2021-07-01,2/27/23,Neutral,"Updated Intern’s Guide, Intern’s Guide to Trading, NMS, PI, • Speed, NBB, NBO, NBBO, NMS Rules, jargon, Chart 4, the Life of an Order, Chart 5, Nasdaq, SIP",• Finally,trade,14051,3
row_203_bloomberg_com_extracted,https://bloomberg.com/opinion/articles/2023-12-07/online-options-trading-is-rigged-against-small-investors,,"Negative, Neutral",,,,115,1
row_014_papers_ssrn_com_extracted,https://papers.ssrn.com/sol3/papers.cfm?abstract_id=3976300,6/7/24,Positive,,,trade,954,1
row_096_sifma_org_extracted,https://sifma.org/wp-content/uploads/2024/03/SIFMA-Insights-Equity-Market-Structure-Compendium_as-of-2-26-1.pdf,,"Positive, Neutral",,,,40,1
row_168_investopedia_com_extracted,https://investopedia.com/investing/free-stock-trading-whats-catch,,Neutral,"TD Ameritrade, Robinhood, SEC, Securities and Exchange Commission, NMS, the National Best Bid and, NBBO","Offer, Charles Schwab",trade,4461,1
row_176_federalregister_gov_extracted,https://federalregister.gov/documents/2023/08/08/2023-16886/self-regulatory-organizations-financial-industry-regulatory-authority-inc-order-approving-a-proposed,,Neutral,"the Financial Industry Regulatory Authority, Inc., the Securities and Exchange Commission, SEC, the Securities Exchange Act, Equity Securities, NMS, FINRA, the Federal Register, Commission, Regulation National Market System, FINRA Rule 6470, SEC Rule 606(a, SEC Rule, FINRA Rule 6470(d, NMS Securities, Equity Security, XML, PDF, CAT, ATS, the Regulatory Notice, SR-FINRA-2022-031","FINRA Rule 6151, FINRA Rule 6470(a)(3, Rule 6470",trade,28508,5
row_127_barrons_com_extracted,https://barrons.com/articles/payment-for-order-flow-cost-experiment-51638286079,,Neutral,,,,40,1
row_177_papers_ssrn_com_extracted,https://papers.ssrn.com/sol3/papers.cfm?abstract_id=4300505,,Neutral,SEC,,trade,788,1
row_220_fool_com_extracted,https://fool.com/terms/p/payment-for-order-flow,,Neutral,"the National Best Bid, NBBO, XYZ",Offer,trade,3798,1
row_029_protocol_com_extracted,https://protocol.com/newsletters/protocol-fintech/robinhood-florida-lawsuits,2/6/23,Negative,,,,98,1
row_214_sifma_org_extracted,https://sifma.org/resources/news/blog/qa-u-s-equity-market-structure,,Neutral,"SIFMA’s U.S. Equity Market Structure Primer, Regulation NMS, the National Best Bid, NBBO, FINRA, Regulation SHO, the Locate Requirement, SEC, • Federal Reserve Board Regulation, • SRO Rules, Equity and Options Market Structure","Offer, Order Flow, Ellen Greene, Joe Corcoran",trade,13377,3
row_119_euronext_com_extracted,https://euronext.com/en/news/rise-retail-new-investment-tactics-and-execution-quality,,Negative,"GameStop, NBBO, Euronext’s Quantitative Research, Quant Research",Offer,"invest, trade",3709,1
row_169_waterstechnology_com_extracted,https://waterstechnology.com/regulation/7951672/blood-sweat-and-tiers-how-the-secs-exchange-rebates-proposal-could-reshape-us-equities-markets,,Neutral,the US Securities and Exchange Commission’s,,trade,541,1
row_066_claret_ca_extracted,https://claret.ca/publications/how-wealthsimple-robinhood-other-free-online-brokers-make-money,5/5/21,Negative,"Wealthsimple and Robinhood, Apple, SEC, IPO, NBBO, The Securities Exchange Commission’s, NMS, Wealthsimple, USD","Offer, Claret",trade,3896,1
row_200_investor_gov_extracted,https://investor.gov/introduction-investing/investing-basics/how-stock-markets-work/executing-order,,Neutral,"SEC, ECN",,trade,4167,1
row_028_news_bitcoin_com_extracted,https://news.bitcoin.com/robinhood-responds-to-accusations-of-favoring-wall-street-over-its-users,2/6/23,Neutral,,,,40,1
row_034_reuters_com_extracted,https://reuters.com/article/us-public-com-funding/robinhood-rival-public-com-raises-funds-at-1-2-billion-valuation-as-retail-trading-booms-idUSKBN2AH257,2/6/23,Positive,"Reuters, Public.com, GameStop Corp.
Robinhood, Tiger Global Management, Accel Partners, The Thomson Reuters Trust Principles.",Will Smith's,trade,1893,1
row_123_centerpointsecurities_com_extracted,https://centerpointsecurities.com/payment-for-order-flow-guide,,"Positive, Negative","SEC, IPO, NYSE, CBOE, the National Best Bid Offer, NBBO, XYZ, ATS, the U.K. Financial Authority, DMA, ECN, Trader A","shorts XYZ, Trader B",trade,9170,2
row_142_greenwich_com_extracted,https://greenwich.com/equities/buy-side%E2%80%99s-take-equity-market-structure-2022,,Neutral,"SEC Chairs, Gensler",Coalition Greenwich,,910,1
row_178_newsroom_aboutrobinhood_com_extracted,https://newsroom.aboutrobinhood.com/demystifying-payment-for-order-flow,,Positive,"Robinhood, Robinhood Securities, COO",Jim Swartwout,trade,3419,1
row_131_sec_gov_extracted,https://sec.gov/newsroom/speeches-statements/gensler-volume-based-rebates-fees-101823,,Neutral,"Commission, Congress, SEC, the Division of Trading and Markets, Parhaum Hamdi, the Division of Economic and Risk Analysis, the Office of the General Counsel, the Division of Examinations, the Division of Enforcement, the Office of Legislative and Intergovernmental Affairs","• Haoxiang Zhu, David Saltiel, Andrea Orr, David Shillman, Eric Juzenas, Richard Holley, Terri Evans, Yvonne Fraticelli, Julia Zhang, Yue Ding, Sharon Park, Roni Bergoffen, Jessica Wachter, Jill Henderson, Oliver Richard, Paul Barton, Ariel Lohr, Sherry Wu, John Ritter, Caroline Schulte, Lauren Moore, Charles Woodworth, Gregory Scopino, Julie Marlowe, • Megan Barbero, Meredith Mitchell, Robert Teply, Janice Mitnick, Cynthia Ginsberg, Ronesha Butler, • John Polise, Connie Kiggins, Michael Hershaft, Carrie O’Brien, • Charlotte Buford, Kerry Knowles, Kevin Burris, David Fernandez",trade,4314,1
row_022_protocol_com_extracted,https://protocol.com/manuals/retail-investing/retail-investing-2021-insights,2/7/23,Neutral,,,,98,1
row_232_papers_ssrn_com_extracted,https://papers.ssrn.com/sol3/papers.cfm?abstract_id=224943,,Neutral,"the Securities and Exchange Commission, SEC",,,838,1
row_208_moneywise_com_extracted,https://moneywise.com/investing/payment-for-order-flow,,"Neutral, Negative","Stock X, the New York Stock Exchange, Nasdaq, Citadel Securities and Virtu Americas, Public, Starbucks, NASDAQ, the CFA Institute, SEC","Bernie Madoff, Madoff, Citadel",trade,8394,2
row_185_sec_gov_extracted,https://sec.gov/rules-regulations/2022/12/order-competition-rule,,Neutral,,,,40,1
row_161_fidelity_com_extracted,https://fidelity.com/trading/execution-quality/overview,,Positive,"SEC, the ""Joint Industry Plan, American Stock Exchange, Boston Stock Exchange, Chicago Stock Exchange, Cincinnati Stock Exchange, National Association of Securities Dealers, New York Stock Exchange, Pacific Exchange, Philadelphia Stock Exchange, NMS, Fidelity",,trade,1387,1
row_068_bestexresearch_com_extracted,https://bestexresearch.com/insights/let-the-pfof-debate-begin,5/4/21,Negative,"Citadel Securities, SEC, Virtu, ENTIRE, NBBO, TAQ","Citadel, Kathryn",trade,5872,1
row_054_axios_com_extracted,https://axios.com/2021/12/02/a-new-case-against-payment-for-order-flow,12/2/21,"Negative, Neutral",the Privacy Center,,,626,1
row_089_sec_gov_extracted,https://sec.gov/newsroom/speeches-statements/jackson-unfair-exchange-state-americas-stock-markets,9/19/18,Negative,"Commission, SEC, Nation, I., the Securities and Exchange Commission, mandates.[14, Congress, Barnes & Noble, NYSE, NASDAQ, CBOE, FINRA, United States Securities and Exchange Commission, the George Mason University, Tyler Gellasch, the Committee on Capital Markets Regulation, the University of Chicago Booth School of Business, White Elephants, U.S. Securities and Exchange Commission, The Transformation of Wall Street, The Social Responsibility of Business, N.Y. Times Mag, Oliver Hart & Luigi Zingales, Friedman, Securities and Exchange Commission, Regulation NMS: Final Rules and Amendments, C.F.R., NMS, Regulation NMS, InterContinental Exchange, LLC, NYSE National, Inc., the Chicago Stock Exchange, Nasdaq BX, the Nasdaq Stock Market, CBOE Global Markets, CBOE BYX Exchange, BZX Exchange, CBOE EDGA Exchange, CBOE EDGX Exchange, The New Stock Market: Sense, Healthy Markets Association, Sec. & Exch, Market Data, U.S. Equity Market Structure Part, the Securities Industry and Financial Markets Association, Susquehanna Int’l Group LLP v. Securities and Exchange Commission, NetCoalition v. Securities and Exchange Commission, U.S. Equity Market Structure, Trader Forum 2014 Equity Trading Summit, SRO, Chair, the Equity Market Structure Symposium Sponsored, the University of Chicago, the STA Foundation, The Securities Exchange Act, See Securities and Exchange Commission, the Volcker Rule, NMS Rule 611, the Order Protection Rule, FINRA’s Best Execution Rule, Final Rules and Amendments, NMS Rule 610, Viral Acharya, Fannie Mae, Freddie Mac, the Debacle of Mortgage Finance, CTA, UTP, Securities Information Processors, III & Justin McCrary, NBBO, Comparison with Direct Exchange Feeds, CTA/CQ Plan, Order Instituting Administrative, Cease, New York Stock Exchange, OBU, Bartlett & McCrary, Global Public Goods, Fox & Gabriel Rauterberg, Amicus Curiae, New York Stock Exchange Rulebook, Rule, Exchange, Jean-Edouard Colliard &, the Accuracy of Public Companies’ Stock Prices, the Georgetown University Center for Financial Markets, The NASDAQ OMX Group, Inc., EDGX, Immediate Effectiveness SR-CboeEDGX-2018-016, SR-BatsEDGX-2017-, SR-BatsEDGX-2017-02, SR-EDGX-2015-29, SR-EDGX-2013-14, SR-EDGX2010-21, Order Instituting Proceedings, the BOX Network, SR-BOX-2018-24, FINRA Notice, N.Y. Times, Fox, Shane Corwin &, Conflicts of Interest, U.S. Stock Markets, Homeland Sec, & Governmental Affairs, NASDAQ Price List, New York Stock Exchange Fees, Liquidity-Based Trading Fees and Exchange Volume, NMS Stocks, CNBC, the Financial Industry","J.W., George Mason, Jackson, profits.[4, Ordinarily, Brett Redfearn, Redfearn, Caroline Crenshaw, Marc Francis, Satyam Khanna, Prashant Yerramalli, Jon Zytnick, J.W. Verret, Law, Antonin Scalia Law School, Healthy Markets, Hal Scott, John Gulliver, Eric Budish, William Shakespeare, Charles Dudley Warner, Charles Earle Funk, Dance, Robert J. Jackson, Perpetual Dual-Class Stock, Joel Seligman, William H. Donaldson, James J. Angel, Lawrence E. Harris, Chester S. Spatt, Merritt B. Fox, Lawrence R. Glosten, Gabriel V. Rauterberg, L.J. 192, Jeff Brown, Charles Schwab, D.C. Cir, Luis A. Aguilar, Daniel M. Gallagher, Remarks, Kara M. Stein, Charles Schumer, Mary Schapiro, Mike Crapo, Mark Warner, Mary Jo White, Carl Levin, Edward E. Kaufman, Mary L. Schapiro, Jay Clayton, Matthew Richardson, Stijn Van Nieuwerburgh, Robert P. Bartlett, Microsecond Timestamps, Shenwei Ding, John Hanna & Terrence Hendershott, Shengwei Ding, John Hannah, Terrence Hendershott, Joseph E. Stiglitz, Thierry Foucalt, Stud, Kevin Haeberle, Yesha Yadav, Cornell L. Rev., Fox, Rauterberg, Charles M. Jones, Matt Levine, FINRA Rule 5310, Jonathan Macey &, David Swensen, Robert Battalio, Robert Jennings, 113th Cong, Battalio, Laura Cardella, Jia Hao, Ivalina Kalcheva, Liz Moyer, Perpetual Dual-Class, Gallagher, Saule T. Omarova",trade,41080,7
row_143_onlinelibrary_wiley_com_extracted,https://onlinelibrary.wiley.com/doi/10.1111/jacf.12061,,"Positive, Neutral","HFT, SEC Regulation NMS, NYSE, Nasdaq, Regulation NMS","Michael Lewis's, Lewis, RegNMS",,1435,1
row_224_ft_com_extracted,https://ft.com/content/696a15e0-64f1-4800-af79-4d0a882df5b2,,Negative,"the US Federal Deposit Insurance Corporation
Securities and Exchange Commission, Citadel Securities and Virtu, SEC, Financial Services Authority, the CFA Institute, NYSE, Gensler, Fidelity, Citadel Securities","Gary Gensler, Bernard Madoff, Citadel",trade,4723,1
row_128_laweconcenter_law_harvard_edu_extracted,https://laweconcenter.law.harvard.edu/wp-content/uploads/2024/11/331.pdf,,"Negative, Neutral",,,,40,1
row_016_brokerage-review_com_extracted,https://brokerage-review.com/investing-firm/make-money/how-etrade-makes-money.aspx,1/1/24,Neutral,"ETF, an Electronic Communication Network, All-Star List, Morgan Stanley, PIMCO, Treasury, Blend Portfolios, Max-Rate, Brokerage-Review.com","E*Trade, Franklin Templeton, Chad Morris","invest, trade",6377,2
row_160_bestexresearch_com_extracted,https://bestexresearch.com,,Neutral,TCA,,,182,1
row_125_edition_cnn_com_extracted,https://edition.cnn.com/2022/12/15/investing/sec-payment-for-order-flow,,"Positive, Negative","The Securities and Exchange Commission, SEC, Gensler",Gary Gensler,trade,3045,1
row_013_investopedia_com_extracted,https://investopedia.com/articles/active-trading/020515/how-robinhood-makes-money.asp,6/14/24,Neutral,"Robinhood Markets Inc., Bitstamp, YOY, Charles Schwab Corp., SCHW, Morgan Stanley’s, Coinbase Global Inc., COIN, Square Inc., River Financial Corp., Robinhood, Decreases, ACATS, Visa Signature",Charles Schwab,trade,5108,1
row_175_news_bloomberglaw_com_extracted,https://news.bloomberglaw.com/banking-law/matt-levines-money-stuff-some-brokers-are-cheaper-than-others,,Neutral,"Citadel Securities, Virtu Financial Inc., Jane Street Capital",,trade,641,1
row_102_mdpi_com_extracted,https://mdpi.com/1911-8074/14/11/556,,Neutral,,,,40,1
row_073_fintechnews_ch_extracted,https://fintechnews.ch/roboadvisor_onlinewealth/how-free-trading-platform-robinhood-makes-money/42562,2/9/21,Neutral,"Robinhood Markets, Apple, COVID-19, the Wall Street Journal, YouTube, JMP Securities, IPO, Barron’s, E-Trade’s, CB Insights, Bloomberg, The Financial Industry Regulatory Authority, the Securities and Exchange Commission, SEC","Charles Schwab, Devin Ryan, Schwab",trade,3863,1
row_157_sciencedirect_com_extracted,https://sciencedirect.com/science/article/abs/pii/S0304405X2400059X,,Neutral,,,,40,1
row_001_investopedia_com_extracted,https://investopedia.com/broker/robinhood-review,9/9/25,Neutral,"ETF, Stanford, • Fractional, DRIP, Robinhood, • Limited, Legend, • Options, Android, • Stock, the Prediction Markets Hub, OTO, National Best Bid, NBBO, Cortex, • Futures, • Interest, U.S. Robinhood Gold, SEC, • Price, Wall Street Journal, Reuters, Barron’s, Nasdaq Level 2, Nasdaq TotalView.36
Robinhood, ATM, APY, ESG, SRI, Robinhood Strategies, a First Trade Recommendations, Say Technologies, Sherwood Media, Snacks, • Mobile, • Robinhood, the Securities Investor Protection Corporation, SIPC, GameStop, AMC Entertainment, Nokia, Citadel Clearing, FINRA","Vlad Tenev, Baiju, • Solid, Heikin Ashi, Offer, Robinhood Cortex, Morningstar, Monte Carlo, Melvin Capital","invest, trade",26863,5
row_069_optionstradingiq_com_extracted,https://optionstradingiq.com/front-running,4/12/21,Neutral,"Pay For Order Flow, HFT, Front",XYZ,trade,10377,2
row_183_sciencedirect_com_extracted,https://sciencedirect.com/science/article/pii/S138641810000015X,,Neutral,,,,40,1
row_149_sec_gov_extracted,https://sec.gov/rules/proposed/34-50870.htm,,Neutral,,,,40,1
row_186_onlinelibrary_wiley_com_extracted,https://onlinelibrary.wiley.com/doi/10.1111/jofi.13285,,"Neutral, Negative",,,,185,1
row_233_warriortrading_com_extracted,https://warriortrading.com/payment-for-order-flow,,Neutral,"Apple, TD Ameritrade, Citadel Securities, CNN Money, Fidelity’s, the National Best Bid and, NBBO, Barron’s, CFA, the CFA Institute, HFT, SEC, NMS, Dark Pool Reference Latency Arbitrage, McCrary, Interactive Brokers, Vanguard, Speedtrader, Centerpoint Securities, Lightspeed, TradeStation, E-Trade, the CFA Institute’s Capital Markets Policy Council, VPRO, Goldman Sachs","Bernie Madoff, Madoff, Offer, Dennis Dick, Bartlett, Schwab, Logan Kane, Flash Crash",trade,11297,2
row_091_feedough_com_extracted,https://feedough.com/how-does-robinhood-make-money-robinhood-business-model,7/13/18,Positive,"Robinhood, APR, Gold Subscription, Venture Capital, TechCrunch, Forbes, CNBC, SIPC","Vladimir Tenev, Baiju Bhatt, Instagram, Twitter, • Extended",trade,6500,2
row_184_papers_ssrn_com_extracted,https://papers.ssrn.com/sol3/papers.cfm?abstract_id=3966059,,Neutral,,,trade,855,1
row_190_optiver_com_extracted,https://optiver.com/insights/the-us-equity-options-market-is-overdue-for-an-update,,Neutral,"SEC, • Specialist, • The Regulation National Market System, the Optiver Corporate Strategy, Congressional Research Service, NMS","• Tiering, • Conduct, exchanges4",trade,7355,2
row_225_sec_gov_extracted,https://sec.gov/newsroom/speeches-statements/office-hours-gary-gensler-dark-pools-payment-order-flow-market-structure,,Negative,Nasdaq,,trade,2137,1
row_158_finance_yahoo_com_extracted,https://finance.yahoo.com/news/gensler-zeroes-in-on-citadel-securities-as-sec-considers-payment-for-order-flow-ban-191715790.html,,Neutral,"Citadel Securities, U.S. Securities and Exchange Commission, the Senate Banking Committee, Virtu Financial, Gensler, SEC, the New York Stock Exchange, Yahoo Finance, the White House’s Competition Council, Goldman Sachs, National Best Bid, NBBO, GME","Gary Gensler, Joe Biden, Offer",trade,2645,1
row_106_academic_oup_com_extracted,https://academic.oup.com/rfs/article/33/4/1484/5526886,,Neutral,,,,330,1
row_061_ft_com_extracted,https://ft.com/content/83dff8fc-14ac-4e67-a969-20b358c349e8,6/9/21,Neutral,ft.com,,,169,1
row_087_robinhood_com_extracted,https://robinhood.com/us/en/support/articles/stock-order-routing,9/24/19,Neutral,"NBBO, SEC, SEC Rule 606(a, Disclosure Library",Offer,trade,744,1
row_235_businesslawreview_uchicago_edu_extracted,https://businesslawreview.uchicago.edu/print-archive/disclosure-gap-market-order-flow,,Negative,"the Securities and Exchange Commission, SEC, Regulation National Market System, NMS, Limit, NBBO, FINRA, Regulation NMS, FINRA Rule, Apollo Asset Management’s Series, Virtu, AAM, Virtu or Citadel, Fidelity, NASDAQ, Vanguard, Interactive Brokers, TD Ameritrade, the Financial Information Forum, FIF, the “, Fidelity Investments, Fidelity’s FIF, TD Ameritrade and Robinhood, Firm 2, Citadel and Virtu, the Herfindahl-Hirschman Index, HHI, the US Department of Justice, Fidelity and Schwab","Gensler, Christopher Schwarz, Cboe EDGX, Kelleher, al, FINRA Rule 5310, Citadel, Jonathan Macey, Charles Schwab, Schwab, Easterbrook, Fischel, Hu, Murphy, Schwarz","invest, issue, trade",65009,11
row_004_innreg_com_extracted,https://innreg.com/blog/payment-for-order-flow-and-finra-rule-5310,6/7/25,Negative,"FINRA, SEC, InnReg, FAQ, • Enhanced, • Information, NMS, • Cost Savings for Customers: Brokers, • Expanded Access for Retail Traders","FINRA Rule 5310, Gary Gensler","invest, trade",7971,2
row_064_benzinga_com_extracted,https://benzinga.com/fintech/21/05/20971201/top-5-brokers-raked-in-over-1-billion-payment-for-order-flow-during-the-first-quarter-of-2021,5/6/21,Neutral,"NYSE, GME, AMC Entertainment, AMC, TD Ameritrade, TD Ameritrades', Nasdaq, Citadel Securities","Short Squeeze, Robinhoods",trade,1361,1
row_023_blog_robinhood_com_extracted,https://blog.robinhood.com/news/2018/10/12/a-letter-from-robinhood-co-founder-amp-co-ceo-vlad-tenev,2/7/23,Positive,"Clearing by Robinhood, Clearing, jargon, Virtu, NYSE, Regulation NMS, TD Ameritrade",Schwab,trade,2465,1
row_218_washingtonpost_com_extracted,https://washingtonpost.com/business/why-payment-for-order-flow-made-trades-free-but-left-sec-skeptical/2022/09/23/edc91bc2-3b68-11ed-b8af-0a04e5dc3db6_story.html,,Neutral,First Party,,,953,1
row_211_brokerchooser_com_extracted,https://brokerchooser.com/education/news/data-dashboard/payment-for-order-flow,,Neutral,"BrokerChooser, Bloomberg, Dow Jones Newswires, The Wall Street Journal, American Studies, ELTE University",,trade,530,1
row_170_papers_ssrn_com_extracted,https://papers.ssrn.com/sol3/papers.cfm?abstract_id=4189658,,Neutral,"NBBO, TDA",,trade,1285,1
row_236_stockbrokers_com_extracted,https://stockbrokers.com/guides/order-execution,,Positive,"Fidelity, Fidelity’s, IBKR, IBKR Pro, SMART, Interactive Brokers, the National Best Bid and, NBBO, SEC, Nasdaq, ATSes, Limit, • Order, the Wall Street Journal, CFA, CMT, the Chartered Financial Analyst, the Chartered Market Technician, the CMT Association, StockBrokers.com, Blain, The New York Times, The Wall Street Journal, Forbes, Fast Company, RAM, Range of Investments, Platforms & Tools","Offer, • Order, Sam Levine, StockBrokers.com, Blain Reinkensmeyer, MacBook Pro M1",trade,15543,3
row_065_tokenist_com_extracted,https://tokenist.com/robinhood-owes-citadel-43-of-its-q1-2021-revenue,5/5/21,"Negative, Neutral","the Robinhood-Citadel, Robinhood Securities, SEC, Citadel Securities, Virtu Americas, Wolverine Securities, Robinhood, Nasdaq, GME, Citadel Securities, Robinhood’s, Melvin Capital, FINRA, Uniswap, DEX, Ethereum, PoS","Editorial, Melvin Capital, Citadel, Bitcoin, GME","invest, trade",4721,1
row_017_digitalenterprise_org_extracted,https://digitalenterprise.org/models/robinhood,7/14/23,Neutral,,,,74,1
row_057_barrons_com_extracted,https://barrons.com/articles/sec-chief-gary-gensler-stock-market-51630626032,9/3/21,Negative,,,,40,1
row_165_papers_ssrn_com_extracted,https://papers.ssrn.com/sol3/papers.cfm?abstract_id=273730,,Neutral,"Knight Securities, Nasdaq, Knight",,,1082,1
row_191_openscholarship_wustl_edu_extracted,https://openscholarship.wustl.edu/cgi/viewcontent.cgi?article=1310&context=law_scholarship,,"Neutral, Negative",,,,40,1
row_153_federalregister_gov_extracted,https://federalregister.gov/documents/1994/11/02/94-27108/internalizedaffiliate-practices-payment-for-order-flow-and-order-routing-practices,,Neutral,"Federal Register, the Federal Register, GPO, XML, PDF, Federal Register on FederalRegister.gov, the Administrative Committee of the Federal Register, ACFR, OFR, SGML",,,1601,1
row_219_sec_gov_extracted,https://sec.gov/files/dera_wp_payment-order-flow-2501.pdf,,Neutral,,,,40,1
row_152_nbcnews_com_extracted,https://nbcnews.com/business/personal-finance/trading-hot-stocks-gamestop-seems-fun-until-you-look-beneath-n1258147,,"Negative, Neutral","Citadel Securities, the Wall Street Journal, NBC News, Congress, the House Financial Services Committee, Citadel's Griffin, the Healthy Markets Association, Citadel, Nasdaq, GTA Babelfish, TD Ameritrade, Robinhood, SEC, eBay, the Financial Conduct Authority, the Red Sox, Gellasch, Virtu Americas, G1X Execution Services, Cooper, Citadel Execution Services, AMC, Apple Computer, Bank of America, the Department of Justice, the Financial Regulatory Authority, FINRA","Ken Griffin, Maxine Waters, Tyler Gellasch, Josh Zeitz, Zeitz, GTA Babelfish, Charles Schwab, Citadel, Jeff Alexander, Adam Cooper, Cooper, Joe Saluzzi",trade,13058,3
row_041_sec_gov_extracted,https://sec.gov/newsroom/speeches-statements/crenshaw-equity-market-20221214,12/14/22,Positive,"SEC, Commission, National Market System, NMS, the Equity Market Structure Advisory Committee, the Division of Trading and Markets, the Office of the General Counsel, the Division of Economic and Risk Analysis, Exams, Enforcement, Congress, the Market Data Infrastructure rulemaking.[19] Since, the New York Stock Exchange, the Consolidated Audit Trail, CAT, NBBO, FINRA, MSRB",Chair Gensler,trade,17351,3
row_107_citadelsecurities_com_extracted,https://citadelsecurities.com/wp-content/uploads/sites/2/2022/12/EnhancingCompetitionTransparencyandResiliencyinUSFinancialMarkets.pdf,,Positive,,,,40,1
row_098_bettermarkets_com_extracted,https://bettermarkets.com/sites/default/files/documents/Better_Markets_Reddit_Robinhood_Gamestop_RiggedMarkets_02-01-2021.pdf,,Negative,,,,40,1
row_113_kalzumeus_com_extracted,https://kalzumeus.com/2019/6/26/how-brokerages-make-money,,Neutral,"Hacker News, Netflix, API, Google, the New York Stock Exchange, 401ks, Fidelity Investments, Vanguard, RIA, Wealthfront, Interactive Brokers, TD Ameritrade, SPY, Interest Rate Spreads Are, Chase’s YouInvest, Chase Sapphire, Bank of America, Merrill Lynch, Merrill Edge, Capital One, General Mills, IB, Apple, NMS, Goldman Sachs, Goldman, SEC, GM, HFT, SIPC, FDIC","Michael Lewis, Charles Schwab, blah blah blah, Schwab, Citadel, Schwab’s, Jim Cramer, Wealthfront, dum bum, 100k","invest, trade",25693,5
row_129_nber_org_extracted,https://nber.org/system/files/working_papers/w29883/revisions/w29883.rev0.pdf,,Negative,,,,40,1
row_132_dash_harvard_edu_extracted,https://dash.harvard.edu/bitstreams/a9643938-23c2-4b01-a6a2-6dcca656100e/download,,Negative,,,,40,1
row_111_barrons_com_extracted,https://barrons.com/amp/articles/sec-chairman-says-banning-payment-for-order-is-on-the-table-51630350595,,"Negative, Neutral",,,,40,1
row_080_cnbc_com_extracted,https://cnbc.com/2020/12/17/sec-charges-robinhood-with-misleading-customers-about-how-it-makes-money.html,12/17/20,Negative,"The Securities and Exchange Commission, SEC, FAQ, the SEC’s Enforcement Division, Citadel Securities or Virtu, Robinhood, CNBC","Stephanie Avakian, Dan Gallagher",trade,3834,1
row_133_wallstreetonparade_com_extracted,https://wallstreetonparade.com/2021/02/citadel-is-paying-for-order-flow-from-nine-online-brokerage-firms-not-just-robinhood,,Negative,"the Securities and Exchange Commission, Citadel Securities, E-Trade, TD Ameritrade, Invest Securities, First Trade, TradeStation, Fidelity Brokerage Services, Ally Invest Securities, First Trade and TradeStation, Citadel, Goldman Sachs, JPMorgan, UBS, Forbes, U.S. Treasury, Fed Chair, Office of Government Ethics, Senate Finance Committee Confirmation Hearing, Treasury, SEC, Fed, the Commodity Futures Trading Commission, Hill, the New York Fed, Yellen, The New York Fed, Its Money Button, Fortune Magazine, the Federal Reserve, FOIA, Bear Stearns, the New York Stock Exchange, the York Stock Exchange, FINRA, CBOE, the House Financial Services Committee, Committee, GameStop","Ken Griffin’s, Citadel, Charles Schwab, Dark Pools, Dark Pools Owned, al, Janet Yellen, Yellen, Yellen’s, Glass, Ben Bernanke, Bernanke, Wash, Maxine Waters, Keith Gill","invest, trade",9510,2
row_027_thecoin_news_extracted,https://thecoin.news/articles/robinhoods-shrinking-reliance-payment-order-flow-reflects-growing-role-crypto-revenue-1628020113075,2/6/23,Neutral,,,,490,1
row_048_reuters_com_extracted,https://reuters.com/markets/us/sec-eyes-pfof-reforms-stock-market-what-is-pfof-2022-06-08,6/8/22,Neutral,,,,40,1
row_172_sifma_org_extracted,https://sifma.org/resources/research/equity-market-structure-primer,,Positive,"IPO, ETF, UST",MBS,trade,4467,1
row_197_bsic_it_extracted,https://bsic.it/how-payment-for-order-flow-is-impacting-markets-the-robinhood-and-citadel-case,,"Neutral, Negative","HFT, Citadel and Virtu, SEC, CME, taker, Stanford University, LA Hacks, FINRA, Citadel Securities, Virtu, Citadel Securities pay Robinhood, Citadel Securities and Robinhood","Citadel, max, Informational Advantage, Baiju Bhatt, Vlad Tenev, Charles Schwab, Ken Griffin, Piper Sandler, Robinhoods","invest, trade",12883,3
row_144_onlinelibrary_wiley_com_extracted,https://onlinelibrary.wiley.com/doi/10.1111/0022-1082.00098,,Neutral,,,,185,1
row_088_newsroom_aboutrobinhood_com_extracted,https://newsroom.aboutrobinhood.com/a-letter-from-robinhood-co-founder-co-ceo-vlad-tenev,10/12/18,Positive,,,,40,1
row_194_sifma_org_extracted,https://sifma.org/explore-issues/equity-market-structure,,Neutral,,,,360,1
row_062_medium_datadriveninvestor_com_extracted,https://medium.datadriveninvestor.com/payment-for-order-flow-business-visualized-dfcbb9cdb964,5/24/21,Neutral,"Robinhood, HFT, FCA, WSJ, Virtu, Citadel Securities, Bloomberg, LinkedIn, GitHub",Susquehanna,trade,6454,2
row_146_marketswiki_com_extracted,https://marketswiki.com/wiki/index.php?title=Order_routing&oldid=227707,,Neutral,,,,40,1
row_159_investopedia_com_extracted,https://investopedia.com/terms/b/bestexecution.asp,,"Neutral, Negative","The Security and Exchange Commission, SEC, The Financial Industry Regulatory Authority, FINRA, The Financial Industry Regulatory Authority's Rule 5310",Broker,trade,2289,1
row_090_techcrunch_com_extracted,https://techcrunch.com/2018/09/06/robinhood-ipo,9/6/18,Positive,"DST Global, TechCrunch Disrupt SF, IPO, SEC, FINRA, CFO, Coinbase, Bitcoin and Ethereum, APR, Revolut, JP Morgan, Bitcoin and, Ethereum, Robinhood","Yuri Milner, Baiju Bhatt’s, Andreessen Horowitz, Kleiner Perkins, Sequoia, Bhatt","invest, trade",4398,1
row_154_bankeronwheels_com_extracted,https://bankeronwheels.com/pfof-and-quote-driven-venues,,Negative,,,trade,714,1
row_195_reuters_com_extracted,https://reuters.com/legal/government/column-td-ameritrade-customers-cant-sue-class-over-order-flow-us-appeals-court-2024-09-04,,Neutral,,,,40,1
row_207_davispolk_com_extracted,https://davispolk.com/insights/client-update/going-once-going-twice-sec-proposes-package-equity-market-structure,,Neutral,"SEC, NMS, the Proposed Regulation Best Ex, the Federal Register, NBB, NBO, NBBO, Commission, the Order Competition Rule, the Order Competition Requirement, • Segmented, Regulation NMS Rule 603, • Restricted, • Fees, • Orders, the Financial Industry Regulatory Authority, Inc., FINRA, the Municipal Securities Rulemaking Board, MSRB, MSRB Rule G-18, SRO, Reg NMS, Regulation NMS, the Time Weighted Average Quoted Spread, The Time Weighted Average Quoted Spread, Exchange A, Exchange, the Market Data Infrastructure Rules, the MDI Rules, ATS, national securities exchange, national securities association, PDF","Tick Sizes Proposal, Chair Gensler, • Displayed",trade,39867,7
row_010_truewealth_ch_extracted,https://truewealth.ch/en/blog/payment-for-order-flow-a-controversial-practice,7/30/24,"Neutral, Negative","Scalable Capital and Trade Republic, EU",,trade,3739,1
row_182_wifpr_wharton_upenn_edu_extracted,https://wifpr.wharton.upenn.edu/wp-content/uploads/2023/09/Payment-for-Order-Flow-final.pdf,,"Negative, Neutral",,,,40,1
row_148_memx_com_extracted,https://memx.com/insights/key-trading-trends-that-defined-another-banner-year-in-the-markets,,Positive,"NVDA, AVGO, AMD, TSM, MU, NVDL, MSTR, COIN, IBIT, • Off-exchange, Tape A, Non-ATS, Citadel, Virtu, G1X, UBS, ATS, SDP, sub-$1, • Traditional, Ethereum, Fidelity, Interactive Brokers, MicroStrategy, NMS, SEC, NYSE, NBBO, Limit, SIP, the DC Circuit, Reg NMS, • Options, SPY, QQQ, IWM, USO, UNG, GLD, SLV, TLT, Penny, Non-Penny","Jane Street, Bitcoin, • Pre-market, Reg NMS, • Lowering, Paul Atkins",trade,6458,2
row_198_finra_org_extracted,https://finra.org/rules-guidance/guidance/reports/2025-finra-annual-regulatory-oversight-report/best-execution,,"Negative, Neutral","NMS, • No Review of Certain, • Securities with Limited Quotations or Pricing Information: Failing, • Inaccurate, the “Net Payment Paid/Received, Market Orders, Non-Marketable Limit Orders, PDF, XML, • Incomplete Disclosures, Material Aspects, • Deficient Communications, Order Routing Information, • Supervision of Order Flow: Ensuring, • Full and Prompt Execution, FINRA, • Maintaining, FINRA Rule 5310, • Supervision: Conducting, • Third-Party Vendors, FINRA Adopts Amendments, NMS Securities, FINRA Reminds, Effective Liquidity Management Practices During Extreme Market Conditions, • Regulatory Notice, NASD Regulation Reiterates Firm Best Execution Obligations, Equity Securities, 4 See SEC Division of Market Regulation, Regulation NMS, SEC, U.S. Treasury","FINRA Rule 5310, Supplementary Material, a Regulatory Notice","invest, trade",14952,3
row_008_investopedia_com_extracted,https://investopedia.com/terms/p/paymentoforderflow.asp,9/10/24,Neutral,"SEC, the London Business School, Robinhood Markets, the National Best Bid, EU, the Financial Industry Regulatory Authority, FINRA, Alpha Market Makers, XYZ, TechnoCorp, the New York Stock Exchange, • Lower, The Regulation National Market System, NMS, NBBO, GME, Security Type","Offer, XYZ Brokerage, XYZ Brokerage's, • Higher, Bernard Madoff",trade,17509,3
row_205_sifma_org_extracted,https://sifma.org/resources/news/qa-u-s-equity-market-structure,,Neutral,"SIFMA’s U.S. Equity Market Structure Primer, Regulation NMS, the National Best Bid, NBBO, FINRA, Regulation SHO, the Locate Requirement, SEC, • Federal Reserve Board Regulation, • SRO Rules, Equity and Options Market Structure","Offer, Order Flow, Ellen Greene, Joe Corcoran",trade,13377,3
row_032_protocol_com_extracted,https://protocol.com/power-index/fintech/consumer-trading-platforms/gfxk8ea6lh9gdxzc-2655253314,2/6/23,Neutral,,,,98,1
row_150_reuters_com_extracted,https://reuters.com/business/retail-consumer/canada-stock-market-rules-curb-platforms-linked-churning-us-stocks-2021-02-09,,Neutral,,,,40,1
row_234_en_wikipedia_org_extracted,https://en.wikipedia.org/wiki/Payment_for_order_flow,,Neutral,"the National Market System, Virtu Financial, Susquehanna International Group, Robinhood Markets, E-Trade, TradeStation, Charles Schwab Corporation, Interactive Brokers, Merrill Edge, Fidelity Investments, the United States, TD Ameritrade, GameStop, Public.com, U.S. Securities and Exchange Commission, SEC, Division of Market Regulation, NASD, United, the New York Stock Exchange, the University of California at Irvine, the University of California, the University of California,","Carl Levin, Rule 606, Rule 11Ac1-6[21, Richard Y. Roberts, Richard G. Ketchum, John E. Pinto, Bernard Madoff, Christopher Schwarz, Brad Barber, Davis, Terence Odean",trade,6621,2
row_137_capital-markets_law_columbia_edu_extracted,https://capital-markets.law.columbia.edu/sites/default/files/content/docs/rauterberg-_mahoney-_final_draft.pdf,,Neutral,,,,40,1
row_005_dailyforex_com_extracted,https://dailyforex.com/comparison/robinhood-vs-etrade,5/4/25,Neutral,"• Share, Visa, Gold, Core Portfolios, Morgan Stanley, FINRA, ETF","Which Broker, Trustworthy",trade,3655,1
row_049_blog_techrides_io_extracted,https://blog.techrides.io/paymentfororderflow,2/6/22,"Neutral, Negative","The House Financial Services Committee, GameStop, Retail Investors Collide, GME, RobinHood, Clearing House, SEC, congress, Disney, the Market Makers, ABNB, IBM, the National Best Bid and, NBBO, NYSE, Netflix, the Redline Newsletter, Tesla","Steve Huffman, Vlad Tenev, Keith Gill, Mark Cuban, Banks, Offer, Techrides, Twitter, Bitcoin, Tesla, crypto","invest, trade",16196,3
row_167_globaltrading_net_extracted,https://globaltrading.net/citadel-securities-paid-us943m-for-retail-us-equity-options-order-flow-in-nine-months,,Neutral,"Citadel Securities, Fidelity Brokerage, Morgan Stanley-, IMC, Virtu, Virtu Financial, CME Futures, Morgan Stanley, JP Morgan, Goldman Sachs, Fidelity","Charles Schwab, Susquehanna, Wolverine, Citadel, Doug Cifu, Schwab",trade,4348,1
row_081_bairdwealth_com_extracted,https://bairdwealth.com/insights/wealth-management-perspectives/2020/09/the-2020-surge-in-retail-trading,12/16/20,Neutral,,Baird,,512,1
row_024_protocol_com_extracted,https://protocol.com/fintech/payment-for-order-flow-explained,2/7/23,Neutral,,,,98,1
row_180_writings_flashbots_net_extracted,https://writings.flashbots.net/illuminate-the-order-flow,,"Positive, Negative","SEC, Ethereum, the National Best Bid and, NBBO, Non-S&P 500, Citadel, non-S&P Orders, Citadel and Virtu, 300ms, Uniswap, API, ETH, BTC, USDC, DAI, 1inch Fusion, Cowswap, HAY, Uniswap V1, Cowswap, MEV-Blocker, MEV, 1inch Fusion and Uniswap X, 1inch Fusion, PMM, Wintermute, SCP, API Integrators, Uniswap V4, Hashflow, RFQ, OKX, Defillama, OpenOcean, Ethereum across Cowswap, • Access, MEV-Blocker and Flashbots Protect, RPC, Dune, MEV-Blocker and Flashbots Protect RPC, Uniswap’s Mobile Wallet, Flashbots Protect’s, Unibot, Flashbots Protect, OmniCat, MEV-Share, OFA, KYC, LibMEV’s Atomic Arbitrage Profit API, Flashbots, Retail Trade Volume, Retail Liquidity, Defi, ETH/BTC, 1inch Fusion, Uniswap X, Wintermute (Rizzolver, Ethereum: Uniswap, SCP’s Solver PLM, ETH-USDC, ETHBTC, Binance, Uniswap X, Cowswap, USDC-USDT, Uniswap X Volume, • Mechanisms, • Further, Uniswap, Cowswap, Orderflow.art, Uniswap’s Universal Router Volume, Uniswap’s Universal Router, Curve, DEX, USDCUSDT","Citadel, Flashbots, Tradfi, Offer, • Order, Ethereum frontends¹, Maestro, Banana Gun, Coinbase Wallet, Peg, kyoro.eth, Hayden Adams, 0x Protocol, Uniswap V2, Uniswap X. Entity, AMM, DEX Frontends, Telegram Bots, Uniswap X., Hashflow, Uniswap X, Barter, 1.6M WETH, MEV Blocker, financialized contexts, SCP, Tokka Labs, Barbie Movie, Proposal, Flashbots Builder, Phil Daian, Xinyuan Sun, Reid Yager, DEX Price, Binance LINK-USDC",trade,45468,8
row_124_sec_gov_extracted,https://sec.gov/newsroom/speeches-statements/gensler-remarks-piper-sandler-global-exchange-conference-060822,,Neutral,"SEC, Commission, NBBO, the Order Protection Rule, the Financial Industry Regulatory Authority, FINRA, the Municipal Securities Rulemaking Board, MSRB, GameStop, The European Union, See U.S. Securities and Exchange Commission, SEC Requests Information and Comment on Broker-Dealer and, Regulatory Considerations, Potential Approaches, the Division of Economic and Risk Analysis, NYSE Trade and Quote, TAQ, NYSE, NBB, NBO, Modernize Key Market Infrastructure Responsible for Collecting, Consolidating, the European Parliament, the Council amending Regulation, EU","Rich, Offer, Related Tools",trade,15254,3
row_164_wifpr_wharton_upenn_edu_extracted,https://wifpr.wharton.upenn.edu/wp-content/uploads/2023/10/Payment-for-Order-Flow.pdf,,"Neutral, Negative",,,,40,1
row_115_babelfishanalytics_com_extracted,https://babelfishanalytics.com/news/2021/2/4/meme-stocks-inaccessible-trading-share-trading-cost-and-risk,,Negative,"Portfolio Managers, AMC, Apple, Boeing, American Airlines, Tesla, Enphase Energy",GTA Babelfish,"invest, trade",3815,1
row_094_ir_lawnet_fordham_edu_extracted,https://ir.lawnet.fordham.edu/jcfl,7/26/16,Negative,"The Fordham Journal of Corporate & Financial Law, the Fordham Corporate Law Center, Journal, the Fordham Journal of Corporate & Financial Law, www.fordhamcorporatejournal.org",,,852,1
row_103_businessinsider_com_extracted,https://businessinsider.com/hft-pay-how-much-do-market-makers-pay-traders-engineers-researchers-citadel,,Neutral,"Tesla, The Wall Street Journal, the Office of Foreign Labor Certification, US Department of Labor, Citadel Securities, DRW, Hudson River Trading, Susquehanna International Group, Tower Research, Sequoia Capital and Paradigm, the Chicago Mercantile Exchange's, FX, Cumberland, Goldman Sachs', Bloomberg, HRT, LinkedIn, Citadel Securities, Virtu, HFT, the Financial Times, NYC, Bala Cynwyd, Yass, the Philadelphia Stock Exchange, Forbes Magazine, SIG, Poker, Forbes, Lockheed, Credit Suisse First Boston, Tower","Michael Lewis, John Le Carré, Peng Zhao, David Olsen, Jump Trading, Jump, Jane Street, Ken Griffin's, Citadel, Donald Wilson, Jump Crypto, Jeff Yass, Izzy Englander, Mark Gorton, Gorton, Napster, Tower","invest, trade",14221,3
row_002_ft_com_extracted,https://ft.com/content/2bc3ad00-f1cb-498a-8d0e-adf744512c8f,8/8/25,Neutral,ft.com,,,169,1
row_121_stillnessinthestorm_com_extracted,https://stillnessinthestorm.com/2021/02/15/exposing-the-robinhood-scam-heres-how-much-citadel-paid-to-robinhood-to-buy-your-orders/15/47/43/117879/consciousness/stillness-in-the-storm,,Negative,,,,247,1
row_223_bestexresearch_com_extracted,https://bestexresearch.com/research/the-good-the-bad-the-ugly-of-payment-for-order-flow,,Neutral,the Client Portal,,trade,516,1
row_051_cbinsights_com_extracted,https://cbinsights.com/research/report/how-robinhood-makes-money,12/6/21,Neutral,,,,40,1
row_222_acadian-asset_com_extracted,https://acadian-asset.com/investment-insights/equities/conflicts-of-interest-in-us-equity-order-routing,,Negative,"SEC, NYSE, Cboe, Nasdaq, BX, EDGA, NATL, NYSE National, IEX Group, IEX, Clearpool Group, VWAP, Peirce","firms2, exchanges.4 Volume-, Nasdaq BX, IEX10, Hester Peirce",trade,13472,3
row_135_reuters_com_extracted,https://reuters.com/article/idUSTRE6BG2H320101217?feedType=RSS&feedName=topNews,,"Neutral, Negative",,,,40,1
row_006_bloomberglaw_com_extracted,https://bloomberglaw.com/external/document/X1RP679S000000/capital-markets-professional-perspective-payment-for-order-flow-,1/1/25,Neutral,,,,40,1
row_228_optiver_com_extracted,https://optiver.com/insights/the-pfof-you-didnt-know-existed-exchange-marketing-response-fees,,Negative,"SEC, the BOX Exchange, Congressional Research Service",,trade,7460,2
row_018_bloomberg_com_extracted,https://bloomberg.com/professional/insights/trading/letter-wars-secs-proposed-changes-get-thousands-of-pros-cons,5/31/23,"Negative, Neutral","Bloomberg Intelligence, Bloomberg Intelligence Senior, the Bloomberg Terminal, SEC, Congress, the Order Competition Rule, OCR, the justice department, Citadel Securities","Larry R. Tabb, Jackson Gutenplan",trade,4642,1
row_151_marketwatch_com_extracted,https://marketwatch.com/amp/story/the-sec-could-cripple-robinhoods-business-model-by-enforcing-existing-rules-experts-say-11612377651,,"Negative, Neutral","MarketWatch, Citadel Securities, Robinhood, the House Financial Services Committee, Treasury, the Securities and Exchange Commission, the Financial Industry Regulatory Authority, SEC, FINRA, Gellasch, FrontLine Compliance, Congress, the Financial Times, TradeSmith, Foundation, the Study of Cycles, Charles Schwab Corp., JMP Securities, Fidelity","Janet Yellen, Tyler Gellasch, Healthy Markets, Bill Gurley, Citadel, Amy Lynch, Carl Levin, Richard Smith, Smith, MarketWatch, Devin Ryan, Ryan",trade,6369,2
row_204_lexology_com_extracted,https://lexology.com/library/detail.aspx?g=863806a4-7ec4-4d3e-a5f6-b760b08009f4,,Neutral,"Citadel Securities, Virtu Financial, Susquehanna International Group, Wolverine Trading Company, Knight Capital Group, Congressional, TD Ameritrade, Robinhood Financial, Citadel Securities, Better Markets, Virtu Financial, SEC, Citadel","Jane Street, Susquehanna, Vlad Tenev, Doug Cifu, Cifu, Ken Griffin",trade,5613,1
row_196_seekingalpha_com_extracted,https://seekingalpha.com/article/4205379-robinhood-is-making-millions-selling-out-millennial-customers-to-high-frequency-traders,,Negative,"SEC, HFT, Vanguard, Interactive Brokers, IBKR, Wolverine Securities, ETFC, TD Ameritrade, TD Ameritrade's, Robinhood, SCHW","Robin Hood, Charles Schwab","invest, trade",5639,1
row_210_cheddarflow_com_extracted,https://cheddarflow.com/blog/payment-for-order-flow,,Neutral,"Fidelity, Microsoft, Public",Order Flow,trade,3489,1
row_040_ft_com_extracted,https://ft.com/content/8102fc65-0879-4b88-b3c6-097447a61f7d,12/14/22,Neutral,ft.com,,,169,1
row_226_tastylive_com_extracted,https://tastylive.com/shows/the-skinny-on-options-abstract-applications/episodes/payment-for-order-flow-a-good-thing-01-09-2023,,Positive,"tastylive, Inc., the Characteristics and Risks of Standardized Options, FINRA, SIPC, Software Solutions, LLC",,trade,3354,1
row_187_papers_ssrn_com_extracted,https://papers.ssrn.com/sol3/papers.cfm?abstract_id=4304124,,Positive,SEC,,trade,753,1
row_055_barrons_com_extracted,https://barrons.com/amp/articles/payment-for-order-flow-cost-experiment-51638286079,11/30/21,Neutral,,,,40,1
row_011_theblock_co_extracted,https://theblock.co/post/68875/not-just-robinhood-brokers-combined-big-traders,7/6/24,Neutral,"Fidelity, TDAmeritrade, The Block, Citadel Securities, Global Execution Brokers, Morgan Stanley, Virtu Financial, Virtu Financial and, TD, TDAmeritrade Clearing Inc, Virtu, Wolverine, Greenwich Associates","Charles Schwab, Charles Schwab's, Citadel, Shane Swanson, Swanson","invest, trade",4898,1
row_202_sec_gov_extracted,https://sec.gov/news/statement/crenshaw-statement-volume-based-rebates-and-fees-101823,,Neutral,"Commission, the Economic Analysis, the Divisions of Trading and Markets, Economic and Risk Analysis, the Office of General Counsel",,trade,5568,1
row_199_alphacution_com_extracted,https://alphacution.com/robinhood-and-payments-for-order-flow,,Neutral,,,,198,1
row_126_slate_com_extracted,https://slate.com/business/2022/09/robinhood-payment-order-flow-securities-exchange-commission.html,,Neutral,"TD Ameritrade, Robinhood, The Securities and Exchange Commission, SEC, the Wall Street Journal, Visa, the Journal of Finance, Gensler","Charles Schwab, Gary Gensler, Visa",trade,8482,2
row_216_nanex_net_extracted,https://nanex.net/aqck2/What-Every-Retail-Investor-Needs-to-Know.pdf,,Neutral,,,,221,1
row_038_investopedia_com_extracted,https://investopedia.com/fidelity-vs-robinhood-4587945,1/12/23,Neutral,"Fidelity and Robinhood, Fidelity, Best for Cash Management, Fidelity’s ActiveTrader, Fidelity’s, ETF, Robinhood, Active Trader Pro, the National Best Bid, NBBO, Fidelity, Robinhood, Morningstar, Nasdaq Level II, NASDAQ TotalView, RSI, Learn, Snacks, YouTube Channel, the Trading Strategy Desk, FDIC, SIPC, Fidelity Brokerage Services, Fidelity Institutional®, the Federal Deposit Insurance Corporation, Fidelity Investments, U.S. Treasury, Fidelity Digital Assets®, the Securities Investor Protection Corporation, Fidelity Crypto®, Fidelity Digital Asset Services, LLC, the New York State Department of Financial Services, NMLS ID 1773897, FBS, National Financial Services, NFS, NYSE, Fidelity Crypto, Fidelity Digital Assets","Offer, Bollinger Bands, Crypto®, Crypto","invest, trade",22752,4
row_104_digitalcommons_wcl_american_edu_extracted,https://digitalcommons.wcl.american.edu/cgi/viewcontent.cgi?article=1164&context=aublr,,Neutral,,,,40,1
row_039_morganlewis_com_extracted,https://morganlewis.com/blogs/finreg/2022/12/sec-proposes-equity-market-overhaul-and-best-execution-rule,12/14/22,Neutral,"the US Securities and Exchange Commission, SEC, the Equity Market Proposals, Regulation Best Execution, the Federal Register, Regulation NMS, XML, PDF, NMS, the Market Data Infrastructure Rules, • Segmented, NBBO, • Exemptions, • Policies, • Execution Quality Review: Proposed Rule 1101(c, • Exemption for Introducing Brokers: Proposed Rule, MSRB Rule G-18, FINRA",,trade,14028,3
row_212_marketwatch_com_extracted,https://marketwatch.com/story/commission-free-stock-market-trading-on-some-platforms-may-be-raising-costs-and-volatility-for-all-of-us-11645017928,,Negative,,,,40,1
row_043_public_com_extracted,https://public.com/learn/payment-for-order-flow-pfof,9/2/22,Neutral,,,,90,1
row_077_markets_businessinsider_com_extracted,https://markets.businessinsider.com/news/stocks/payment-for-order-flow-robinhood-bill-gurley-trading-app-public-2021-2-1030028631,2/1/21,Negative,"SEC, Public.com, the Opening Bell, Wells Fargo, Robinhood, Citadel Securities, New York Stock Exchange","Bill Gurley, Order Flow, Gurley",trade,3410,1
row_163_cnbc_com_extracted,https://cnbc.com/amp/2023/12/01/robinhood-ceo-says-payment-for-order-flow-is-here-to-stay.html,,"Neutral, Positive","CNBC, Citadel Securities, Robinhood, The U.S. Securities and Exchange Commission, the European Union",,trade,2095,1
row_118_marketsmedia_com_extracted,https://marketsmedia.com/cboe-unveils-market-maker-incentive-program,,Positive,"Cboe, Cboe Listed, Lead Market Maker Incentive Program, CBOE, Lead Market Maker, LMM, Cboe Listed Marketplace, ETP, Liquidity Management Provider Program, LMM Program, CboeListings.com","Laura Morrison, Global Head, Morrison",trade,3327,1
row_110_businesslawreview_uchicago_edu_extracted,https://businesslawreview.uchicago.edu/sites/default/files/2023-07/Nathanson_v2_493-530.pdf,,"Negative, Neutral",,,,40,1
row_083_finextra_com_extracted,https://finextra.com/newsarticle/36502/robinhood-faces-hefty-sec-fine-for-high-speed-trade-deals,9/3/20,Negative,"the Securities and Exchange Commission, the Wall Street Journal, WSJ, Journal",,trade,1135,1
row_221_bettermarkets_org_extracted,https://bettermarkets.org/analysis/sec-market-structure-reforms,,Positive,"SEC, Access Fees, Better Markets, NBBO, SRO, Commission, Regulation Best Execution, NYSE, NASDAQ, the Order Competition Rule, Regulation NMS","Gamestop, Order Competition, Said, Bottom Line, Proposal","invest, trade",14872,3
row_189_frontmonth_substack_com_extracted,https://frontmonth.substack.com/p/options-market-structure-101-b18,,Neutral,JavaScript,,,95,1
row_192_news_bloomberglaw_com_extracted,https://news.bloomberglaw.com/securities-law/sec-set-to-let-wall-street-keep-payment-for-order-flow-deals-1,,Neutral,SEC,,,582,1
row_134_reuters_com_extracted,https://reuters.com/article/stocks-regulations-fees-idUSL2N17N2C8,,Neutral,,,,40,1
row_209_economist_com_extracted,https://economist.com/finance-and-economics/2021/02/06/high-frequency-traders-are-in-the-spotlight,,Neutral,,,,173,1
row_173_investopedia_com_extracted,https://investopedia.com/articles/active-trading/042414/what-makertaker-fees-mean-you.asp,,Neutral,"Makers, Island Electronic Communications Network, Nasdaq Inc.’s, BATS Global Markets, International Securities Exchange Holdings, Inc., the Cboe Options Exchange, Cboe Holdings, Inc., University of Notre Dame, Indiana University, Intercontinental Exchange, Group, Inc., the New York Stock Exchange, the Securities and Exchange Commission, SEC, The Royal Bank of Canada’s, D.-N.Y., the U.S. Court of Appeals","Joshua Levine, Shane Corwin, Robert Battalio, Robert Jennings, Jeffrey Sprecher, Charles Schumer, Luis Aguilar","invest, trade",5802,1
row_141_cnbc_com_extracted,https://cnbc.com/2021/10/18/sec-says-brokers-enticed-by-payment-for-order-flow-are-making-trading-into-a-game-to-lure-investors.html,,Neutral,"NBCUniversal’s Privacy Policy, Manage Preferences",LEFT,,1255,1
row_074_ft_com_extracted,https://ft.com/content/8d6467df-ef27-4f2f-82df-77e8213f5199,2/5/21,Negative,ft.com,,,169,1
row_217_bclawreview_bc_edu_extracted,https://bclawreview.bc.edu/articles/3061/files/6425deca63493.pdf,,Negative,,,,40,1
row_084_tradersmagazine_com_extracted,https://tradersmagazine.com/xtra/the-incredible-shrinking-market,8/20/20,Negative,"Market Structure Research, Co-COO, Hertz, Rosenblatt Securities, Schack, IEX, CBOE Global Markets, Midpoint Discretionary Order, Regulation NMS’s Order Protection Rule","Larry Tabb, Bloomberg Intelligence, Offer, Stino Milito, Mett Kinak, Kinak, Justin Schack, Luminex",trade,5899,1
row_130_cnbc_com_extracted,https://cnbc.com/2021/09/23/investors-await-sec-chair-genslers-report-on-gamestop-and-how-brokerages-get-paid.html,,Neutral,"Securities and Exchange Commission, Gensler, Congress, Bloomberg Intelligence, SEC, Citadel and Virtu, Ameritrade Clearing, Morgan Stanley, Apex Clearing, Bank of America/Merrill Lynch, UBS, GameStop","Gary Gensler, Charles Schwab, Larry Tabb, Citadel, Schwab, Webull",trade,8717,2
row_097_ibtimes_com_extracted,https://ibtimes.com/elegant-solution-pfof-related-perversions-3598789,,"Negative, Positive","EU, Reg NMS, Select Vantage Inc., SVI, the Advisory Board of","Gary Gensler, Daniel Schlaepfer, Ian Bandeen",trade,5133,1
row_117_businessthink_unsw_edu_au_extracted,https://businessthink.unsw.edu.au/articles/nasdaq-fee-pilot-study-trading-behaviour-analysis,,Neutral,"NASDAQ, NYSE, Maker-Taker Limit, Quasi-Natural Experimental Evidence, the School of Banking and Finance, UNSW Business School, FinTech Program Coordinator, UNSW, Alt Data Tech, Professor of Economics and Finance, Wake Forest University, the Fee Pilot, the A* Journal of Banking and Finance, CPS, Securities and Exchange Commission, SEC, NBBO, ANZ, UNSW Business School
One, FINRA","Peter Swan, Yiping Lin, Frederick Harris, Swan, Frank Hatheway",trade,9922,2
row_007_nasdaq_com_extracted,https://nasdaq.com/articles/why-zero-commission-investment-platforms-may-not-really-be-free,11/15/24,"Neutral, Negative","ETF, Merrill Lynch, Chase, K Into A Million: Your Step-By-Step Guide, IBM, Robinhood, the Wall Street Journal, Journal, Fidelity, Vanguard, TD Ameritrade","SSRN, Charles Schwab, Schwab",,4477,1
row_206_bclawreview_bc_edu_extracted,https://bclawreview.bc.edu/articles/3061,,Negative,"the Securities and Exchange Commission, SEC",,trade,1674,1
row_082_tradersmagazine_com_extracted,https://tradersmagazine.com/am/the-hidden-costs-of-robinhood,9/8/20,Negative,"Virtu, NYSE, Regulation NMS, DO, SEC, FINRA, Business Insider, VC, Google, Harvard, Robinhood, The Foundation of the Study of Cycles, Johnson & Johnson","Vlad Tenev, Tenev, Shoshanna Zuboff, Richard Smith, Berkeley Mathematician, Smith, Pfizer, Warren Buffett, Carl Icahn, David Einhorn",trade,8129,2
row_139_camrongodbout_medium_com_extracted,https://camrongodbout.medium.com/payment-for-order-flow-and-why-buying-gme-is-still-helping-wall-street-769a3fe0451f?source=user_profile---------4----------------------------,,Neutral,,,,40,1
row_109_cantor_com_extracted,https://cantor.com/sec-rule-606-order-disclosure,,Neutral,"The U.S. Securities and Exchange’s, NMS, SEC, SEC Rule, WEX, CF&CO","Cantor Fitzgerald, CF&Co, CF&CO",trade,4197,1
row_086_katusaresearch_com_extracted,https://katusaresearch.com/robinhood-trading-exposed-steal-from-the-poor-and-give-to-the-ultra-rich,6/21/20,Negative,"COVID-19, Morgan Stanley, Know Your Client, KYC, Robinhood, • College, the Financial Industry Regulatory Authority, FINRA, • Citadel Securities, SEC, the Assets Under Management (AUM",• Unfortunately,trade,7498,2
row_140_fi-desk_com_extracted,https://fi-desk.com/can-retail-order-flow-impact-institutional-trading,,Neutral,"Market Hub & Umberto Menconi, Digital Markets Structures, • Social Networks, TOL, GameStop, AMC Entertainment, TCA, the European Union, EU, the European Commission, CMU, the “Retail Investment Strategy for Europe","Gherardo Lenti Capoduri, Dan Barnes, • Short, Twitter",trade,7672,2
row_155_businessinsider_com_extracted,https://businessinsider.com/personal-finance/which-investing-apps-receive-payment-for-order-flow,,Neutral,"Business Insider's, Personal Finance Insider's, Schwab Stock Slices, Schwab Intelligent Portfolios, the Apple Store, SoFi, SoFi Invest, CFP, • Access, Fidelity, Fidelity Go, Fidelity Flex, Fidelity Go
•, Interactive Brokers, IBKR Lite, ETF, IBKR, Public Investing, • Account, Public, Teens
Stockpile, Google, the Securities Investor Protection Corporation, SIPC, FDIC, • Education, UTMA/UGMAs, Vanguard, • Evaluate, • Explore, Social Security","Charles Schwab, Schwab, Schwab Intelligent Portfolio, Charles Schwab's","invest, trade",20372,4
row_092_repository_law_umich_edu_extracted,https://repository.law.umich.edu/book_chapters/121,5/17/18,Neutral,,,,240,1
row_166_pm-research_com_extracted,https://pm-research.com/content/iijtrade/6/1/32,,"Positive, Negative",,,,40,1
row_162_sec_gov_extracted,https://sec.gov/news/speech/gensler-remarks-piper-sandler-global-exchange-conference-060822,,Neutral,"SEC, Commission, NBBO, the Order Protection Rule, the Financial Industry Regulatory Authority, FINRA, the Municipal Securities Rulemaking Board, MSRB, GameStop, The European Union, See U.S. Securities and Exchange Commission, SEC Requests Information and Comment on Broker-Dealer and, Regulatory Considerations, Potential Approaches, the Division of Economic and Risk Analysis, NYSE Trade and Quote, TAQ, NYSE, NBB, NBO, Modernize Key Market Infrastructure Responsible for Collecting, Consolidating, the European Parliament, the Council amending Regulation, EU","Rich, Offer, Related Tools",trade,15254,3
row_047_investmentnews_com_extracted,https://investmentnews.com/equities/sec-takes-aim-at-payment-for-order-flow/222564,6/8/22,Neutral,"SEC, Gensler, GameStop Corp., Citadel Securities and Virtu, Citadel Securities","Gary Gensler, Joe Mecane, Doug Cifu, Cifu, Ken Griffin, Dan Gallagher, Gallagher",trade,4441,1
row_230_realinvestmentadvice_com_extracted,https://realinvestmentadvice.com/payment-for-order-flow-the-secs-plan-to-end-it,,Negative,"Citadel, SEC, Better Markets
Such, The Wall Street Journal, Citadel Securities and Robinhood Markets","Jonathan G. Katz, Gary Gensler, Gensler","invest, trade",8077,2
row_033_morningstar_com_extracted,https://morningstar.com/articles/1030652/robinhood-what-to-know-before-it-goes-public,2/6/23,"Positive, Negative, Neutral",,,,100,1
row_042_money2020_com_extracted,https://money2020.com/content/blog/whats-the-secs-beef-with-order-flow,9/27/22,Negative,"Robinhood, the US Securities and Exchange Commission, SEC, Citadel Securities or Virtu Financial, the New York Stock Exchange, FYI, TD Ameritrade, TD, Gensler","Gary Gensler, Citadel, Schwab",trade,5354,1
row_138_sciencedirect_com_extracted,https://sciencedirect.com/science/article/abs/pii/S0378426624001432,,Positive,,,,40,1
row_045_barrons_com_extracted,https://barrons.com/articles/stock-picks-barrons-midyear-roundtable-51657922520,7/15/22,Neutral,,,,40,1
row_071_robinhood_engineering_extracted,https://robinhood.engineering/demystifying-payment-for-order-flow-119581544210,3/4/21,Positive,"Robinhood, Robinhood Securities, COO",Jim Swartwout,trade,3419,1
row_174_microstructure_exchange_extracted,"https://microstructure.exchange/papers/Schwartz_et_al_,_2022_WP,_The_%27Actual_Retail_Price%27_of_Equity_Trades.pdf",,"Neutral, Negative",,,,40,1
row_076_ft_com_extracted,https://ft.com/content/6651f34a-0d8d-4d68-bdf9-23b355f8c9db,2/5/21,Negative,ft.com,,,169,1
row_052_financefeeds_com_extracted,https://financefeeds.com/pfof-citadel-securities-robinhood-model-slammed-by-public,12/3/21,Negative,"Public.com, the Short Squeeze Trading Litigation, EFQ, AOB, NBBO, Bloomberg Intelligence, Public, Apex Clearing, Instinet, ATS, Citadel Securities and Robinhood","Stephen Sikes, Sikes, Offer",trade,4083,1
row_179_barrons_com_extracted,https://barrons.com/articles/exclusive-who-makes-money-on-your-stock-trades-1425103695,,Positive,,,,40,1
row_072_fmtrust_bank_extracted,https://fmtrust.bank/money-moves-article/investor-alert-robinhood-app-hit-with-hefty-fine-from-federal-regulators,2/23/21,Negative,"The Securities and Exchange Commission, SEC, FAQ, Citadel Securities, Robinhood, San Francisco Regional Office, the Securities Exchange Act, F&M Trust","Erin E. Schneider, Shelby White",trade,2909,1
row_053_axios_com_extracted,https://axios.com/2021/12/03/payment-for-order-flow-robinhood-investors-mit,12/3/21,Positive,the Privacy Center,,,626,1
row_075_bloomberg_com_extracted,https://bloomberg.com/opinion/articles/2021-02-05/robinhood-gamestop-saga-pressures-payment-for-order-flow,2/5/21,Neutral,GameStop Corp.,,,1249,1
row_036_reuters_com_extracted,https://reuters.com/business/finance/robinhood-makes-most-its-money-pfof-what-is-it-2021-07-29,2/6/23,Negative,,,,40,1
row_147_thetradenews_com_extracted,https://thetradenews.com/no-evidence-that-pfof-harms-price-execution-finds-new-research,,"Neutral, Positive","SEC, the National Best Bid Offer, NBBO, the University of California, Rudd Family Foundation, the University of California, Berkeley","Gamestop, Brad Barber, Davis, Terence Odean",trade,2589,1
